<?xml version="1.0" encoding="UTF-8" standalone="yes"?>
<stdsite:StudySiteMessage xmlns:com="http://www.novartis.com/DI/D2P/Broker/Schemas/CommonTypes" xmlns:stdsite="http://www.novartis.com/DI/D2P/Broker/Schemas/StudySite" xmlns:extract="http://www.novartis.com/DI/D2P/Broker/Schemas/Extraction" com:schemaVersion="1.0">
    <com:SystemMessageHeader>
        <com:CreationDateTime>2013-12-13T16:42:51.494Z</com:CreationDateTime>
        <com:SenderID>ClinAdmin</com:SenderID>
        <com:BusinessSystemID>ClinAdmin</com:BusinessSystemID>
        <com:MessageID>ClinAdmin</com:MessageID>
    </com:SystemMessageHeader>
    <stdsite:StudySite>
        <stdsite:StudyCodeNCC>ACZ885M_2301</stdsite:StudyCodeNCC>
        <stdsite:StudyCodeAlias>CACZ885M2301</stdsite:StudyCodeAlias>
        <stdsite:StudyIRTVendor> </stdsite:StudyIRTVendor>
        <stdsite:StudyIRTUsage>CSIRT1.02</stdsite:StudyIRTUsage>
        <stdsite:StudySiteDetails>
            <stdsite:StudyCountrySiteId>38</stdsite:StudyCountrySiteId>
            <stdsite:SiteID>140089-1</stdsite:SiteID>
            <stdsite:StudySiteID>1041</stdsite:StudySiteID>
            <stdsite:SiteName>Hamilton Health Sciences</stdsite:SiteName>
            <stdsite:Country codeListId="clinadmin.country" codeListVersion="2013.12.13" assigningAuthority="" codeDescription="Canada">CAN</stdsite:Country>
            <stdsite:OnHoldIndicator>false</stdsite:OnHoldIndicator>
            <stdsite:SiteStatus codeListId="clinadmin.esb_simple_codes.study_site_status" codeListVersion="1.0" assigningAuthority="" codeDescription="Active">ACT</stdsite:SiteStatus>
        </stdsite:StudySiteDetails>
        <stdsite:SiteShipmentAddress>
            <stdsite:SiteName>Hamilton Health Sciences</stdsite:SiteName>
            <stdsite:Address>
                <com:AddressLines>
                    <com:Line>237 Barton St E &#xD;
 DBCVRI C-3-11A&#xD;
</com:Line>
                </com:AddressLines>
                <com:City>Hamilton</com:City>
                <com:PostalCode>L8L 2X2 </com:PostalCode>
                <com:Country>TBD</com:Country>
            </stdsite:Address>
        </stdsite:SiteShipmentAddress>
        <stdsite:ClinicalPersonnel>
            <com:PersonnelID>PICARMA1</com:PersonnelID>
            <com:Forename>Manon</com:Forename>
            <com:Surname>Picard</com:Surname>
            <com:Address>
                <com:AddressLines>
                    <com:Line>Novartis Pharmaceuticals Canada Inc.
385</com:Line>
                    <com:Line> boulev. Bouchard
Dorval</com:Line>
                    <com:Line> Quebec H9S 1A9</com:Line>
                </com:AddressLines>
                <com:Country>CAN</com:Country>
            </com:Address>
            <com:ContactInfo>
                <com:EmailAddress>manon.picard@novartis.com</com:EmailAddress>
                <com:PhoneNumber>+1 514 6316775</com:PhoneNumber>
                <com:FaxNumber>+1 514 5146311867</com:FaxNumber>
                <com:SecondaryPhoneNumber>+1 514 631 6775</com:SecondaryPhoneNumber>
            </com:ContactInfo>
            <com:RoleAtSiteLevel codeListId="clinadmin.occupation" codeListVersion="2013.12.13" assigningAuthority="" codeDescription="CPO Trial Administrator">TPA</com:RoleAtSiteLevel>
            <com:StartDate>2012-06-21-04:00</com:StartDate>
        </stdsite:ClinicalPersonnel>
        <stdsite:ClinicalPersonnel>
            <com:PersonnelID>ROSSMI5</com:PersonnelID>
            <com:Forename>Michele</com:Forename>
            <com:Surname>Ross</com:Surname>
            <com:Address>
                <com:AddressLines>
                    <com:Line>Novartis Pharmaceuticals Canada Inc.
385</com:Line>
                    <com:Line> boulev. Bouchard
Dorval</com:Line>
                    <com:Line> Quebec H9S 1A9</com:Line>
                </com:AddressLines>
                <com:Country>CAN</com:Country>
            </com:Address>
            <com:ContactInfo>
                <com:EmailAddress>michele.ross@novartis.com</com:EmailAddress>
                <com:PhoneNumber>+1 514 6316775</com:PhoneNumber>
                <com:FaxNumber>+1 514 5146311867</com:FaxNumber>
                <com:SecondaryPhoneNumber>+1 289 5215221</com:SecondaryPhoneNumber>
                <com:SecondaryFaxNumber>+1 289 5215510</com:SecondaryFaxNumber>
            </com:ContactInfo>
            <com:RoleAtSiteLevel codeListId="clinadmin.occupation" codeListVersion="2013.12.13" assigningAuthority="" codeDescription="Primary Monitor">PMN</com:RoleAtSiteLevel>
            <com:StartDate>2013-10-21-04:00</com:StartDate>
        </stdsite:ClinicalPersonnel>
        <stdsite:ClinicalPersonnel>
            <com:PersonnelID>FREITPA3</com:PersonnelID>
            <com:Forename>Patricia</com:Forename>
            <com:Surname>Freitas</com:Surname>
            <com:Address>
                <com:AddressLines>
                    <com:Line>Novartis Pharmaceuticals Canada Inc.
385</com:Line>
                    <com:Line> boulev. Bouchard
Dorval</com:Line>
                    <com:Line> Quebec H9S 1A9</com:Line>
                </com:AddressLines>
                <com:Country>CAN</com:Country>
            </com:Address>
            <com:ContactInfo>
                <com:EmailAddress>patricia.freitas@novartis.com</com:EmailAddress>
                <com:PhoneNumber>+1 514 6316775</com:PhoneNumber>
                <com:FaxNumber>+1 514 5146311867</com:FaxNumber>
            </com:ContactInfo>
            <com:RoleAtSiteLevel codeListId="clinadmin.occupation" codeListVersion="2013.12.13" assigningAuthority="" codeDescription="Field Monitor">MON</com:RoleAtSiteLevel>
            <com:StartDate>2013-09-06-04:00</com:StartDate>
        </stdsite:ClinicalPersonnel>
        <stdsite:ClinicalPersonnel>
            <com:PersonnelID>MUECKMA2</com:PersonnelID>
            <com:Forename>Maricar</com:Forename>
            <com:Surname>Mueck</com:Surname>
            <com:Address>
                <com:AddressLines/>
                <com:Country>TBD</com:Country>
            </com:Address>
            <com:ContactInfo/>
            <com:RoleAtSiteLevel codeListId="clinadmin.occupation" codeListVersion="2013.12.13" assigningAuthority="" codeDescription="Primary Monitor">PMN</com:RoleAtSiteLevel>
            <com:StartDate>2013-04-02-04:00</com:StartDate>
            <com:EndDate>2013-09-06-04:00</com:EndDate>
        </stdsite:ClinicalPersonnel>
        <stdsite:ClinicalPersonnel>
            <com:PersonnelID>310451C@CA</com:PersonnelID>
            <com:Forename>Tony</com:Forename>
            <com:Surname>Rizzo</com:Surname>
            <com:Address>
                <com:AddressLines>
                    <com:Line>X</com:Line>
                </com:AddressLines>
                <com:Country>TBD</com:Country>
            </com:Address>
            <com:ContactInfo>
                <com:EmailAddress>rizzot@hhsc.ca</com:EmailAddress>
            </com:ContactInfo>
            <com:RoleAtSiteLevel codeListId="clinadmin.occupation" codeListVersion="2013.12.13" assigningAuthority="" codeDescription="Primary Co-ordinator">PCO</com:RoleAtSiteLevel>
            <com:StartDate>2012-06-21-04:00</com:StartDate>
        </stdsite:ClinicalPersonnel>
        <stdsite:ClinicalPersonnel>
            <com:PersonnelID>323606C@CA</com:PersonnelID>
            <com:Forename>Sonya</com:Forename>
            <com:Surname>Brons</com:Surname>
            <com:Address>
                <com:AddressLines>
                    <com:Line>X</com:Line>
                </com:AddressLines>
                <com:Country>TBD</com:Country>
            </com:Address>
            <com:ContactInfo>
                <com:EmailAddress>bronsson@hhsc.ca</com:EmailAddress>
            </com:ContactInfo>
            <com:RoleAtSiteLevel codeListId="clinadmin.occupation" codeListVersion="2013.12.13" assigningAuthority="" codeDescription="Trial Coordinator">TC</com:RoleAtSiteLevel>
            <com:StartDate>2013-01-21-05:00</com:StartDate>
        </stdsite:ClinicalPersonnel>
        <stdsite:ClinicalPersonnel>
            <com:PersonnelID>DEPERMA1</com:PersonnelID>
            <com:Forename>Maxence</com:Forename>
            <com:Surname>Deperrois</com:Surname>
            <com:Address>
                <com:AddressLines>
                    <com:Line>Novartis Pharma AG
Forum 1
Novartis Campus
CH-4056 Basel</com:Line>
                </com:AddressLines>
                <com:Country>CHE</com:Country>
            </com:Address>
            <com:ContactInfo>
                <com:EmailAddress>maxence.deperrois@novartis.com</com:EmailAddress>
                <com:PhoneNumber>+41 61 3242595</com:PhoneNumber>
                <com:FaxNumber>+41 61 3245888</com:FaxNumber>
            </com:ContactInfo>
            <com:RoleAtSiteLevel codeListId="clinadmin.occupation" codeListVersion="2013.12.13" assigningAuthority="" codeDescription="CPO Trial Administrator">TPA</com:RoleAtSiteLevel>
            <com:StartDate>2012-01-01-05:00</com:StartDate>
        </stdsite:ClinicalPersonnel>
        <stdsite:ClinicalPersonnel>
            <com:PersonnelID>RAYMOPA1</com:PersonnelID>
            <com:Forename>Pascale</com:Forename>
            <com:Surname>Raymond</com:Surname>
            <com:Address>
                <com:AddressLines>
                    <com:Line>Novartis Pharmaceuticals Canada Inc.
385</com:Line>
                    <com:Line> boulev. Bouchard
Dorval</com:Line>
                    <com:Line> Quebec H9S 1A9</com:Line>
                </com:AddressLines>
                <com:Country>CAN</com:Country>
            </com:Address>
            <com:ContactInfo>
                <com:EmailAddress>pascale.raymond@novartis.com</com:EmailAddress>
                <com:PhoneNumber>+1 514 6316775</com:PhoneNumber>
                <com:FaxNumber>+1 514 5146311867</com:FaxNumber>
            </com:ContactInfo>
            <com:RoleAtSiteLevel codeListId="clinadmin.occupation" codeListVersion="2013.12.13" assigningAuthority="" codeDescription="ICRO Coordinator">CIC</com:RoleAtSiteLevel>
            <com:StartDate>2012-06-21-04:00</com:StartDate>
        </stdsite:ClinicalPersonnel>
        <stdsite:ClinicalPersonnel>
            <com:PersonnelID>GODINJO1</com:PersonnelID>
            <com:Forename>Joanne</com:Forename>
            <com:Surname>Godin</com:Surname>
            <com:Address>
                <com:AddressLines>
                    <com:Line>Novartis Pharmaceuticals Canada Inc.
385</com:Line>
                    <com:Line> boulev. Bouchard
Dorval</com:Line>
                    <com:Line> Quebec H9S 1A9</com:Line>
                </com:AddressLines>
                <com:Country>CAN</com:Country>
            </com:Address>
            <com:ContactInfo>
                <com:EmailAddress>joanne.godin@novartis.com</com:EmailAddress>
                <com:PhoneNumber>+1 514 6316775</com:PhoneNumber>
                <com:FaxNumber>+1 514 5146311867</com:FaxNumber>
                <com:SecondaryPhoneNumber>+1 514 631 6775</com:SecondaryPhoneNumber>
                <com:SecondaryFaxNumber>+1 514 631 1867</com:SecondaryFaxNumber>
            </com:ContactInfo>
            <com:RoleAtSiteLevel codeListId="clinadmin.occupation" codeListVersion="2013.12.13" assigningAuthority="" codeDescription="CPO Trial Administrator">TPA</com:RoleAtSiteLevel>
            <com:StartDate>2012-06-21-04:00</com:StartDate>
        </stdsite:ClinicalPersonnel>
        <stdsite:ClinicalPersonnel>
            <com:PersonnelID>310449C@CA</com:PersonnelID>
            <com:Forename>Andre</com:Forename>
            <com:Surname>Lamy</com:Surname>
            <com:Address>
                <com:AddressLines>
                    <com:Line>X</com:Line>
                </com:AddressLines>
                <com:Country>TBD</com:Country>
            </com:Address>
            <com:ContactInfo>
                <com:EmailAddress>LAMYA@Mcmaster.CA</com:EmailAddress>
            </com:ContactInfo>
            <com:RoleAtSiteLevel codeListId="clinadmin.occupation" codeListVersion="2013.12.13" assigningAuthority="" codeDescription="Primary Investigator">PINV</com:RoleAtSiteLevel>
            <com:StartDate>2012-06-21-04:00</com:StartDate>
            <com:EndDate>2013-01-20-05:00</com:EndDate>
        </stdsite:ClinicalPersonnel>
        <stdsite:ClinicalPersonnel>
            <com:PersonnelID>323605C@CA</com:PersonnelID>
            <com:Forename>Shamir</com:Forename>
            <com:Surname>Mehta</com:Surname>
            <com:Address>
                <com:AddressLines>
                    <com:Line>X</com:Line>
                </com:AddressLines>
                <com:Country>TBD</com:Country>
            </com:Address>
            <com:ContactInfo>
                <com:EmailAddress>smehta@mcmaster.ca</com:EmailAddress>
            </com:ContactInfo>
            <com:RoleAtSiteLevel codeListId="clinadmin.occupation" codeListVersion="2013.12.13" assigningAuthority="" codeDescription="Primary Investigator">PINV</com:RoleAtSiteLevel>
            <com:StartDate>2013-01-21-05:00</com:StartDate>
        </stdsite:ClinicalPersonnel>
        <stdsite:ClinicalPersonnel>
            <com:PersonnelID>KHANABF</com:PersonnelID>
            <com:Forename>Abdul Salmaan</com:Forename>
            <com:Surname>Khan</com:Surname>
            <com:Address>
                <com:AddressLines>
                    <com:Line>Novartis Healthcare Pvt. Ltd.
Building # 6
Raheja Mind Space</com:Line>
                    <com:Line> Hitech City
Madhapur / Hyderabad</com:Line>
                    <com:Line> Rangareddy 500 08</com:Line>
                </com:AddressLines>
                <com:Country>IND</com:Country>
            </com:Address>
            <com:ContactInfo>
                <com:EmailAddress>abdul_salmaan.khan@novartis.com</com:EmailAddress>
                <com:PhoneNumber>+91 40 67671000</com:PhoneNumber>
                <com:FaxNumber>+91 40 67686951</com:FaxNumber>
            </com:ContactInfo>
            <com:RoleAtSiteLevel codeListId="clinadmin.occupation" codeListVersion="2013.12.13" assigningAuthority="" codeDescription="Central Field Monitor">CFM</com:RoleAtSiteLevel>
            <com:StartDate>2013-10-23-04:00</com:StartDate>
        </stdsite:ClinicalPersonnel>
        <stdsite:ClinicalPersonnel>
            <com:PersonnelID>MADARID1</com:PersonnelID>
            <com:Forename>Idil</com:Forename>
            <com:Surname>Madar</com:Surname>
            <com:Address>
                <com:AddressLines>
                    <com:Line>Novartis Pharmaceuticals Canada Inc.
385</com:Line>
                    <com:Line> boulev. Bouchard
Dorval</com:Line>
                    <com:Line> Quebec H9S 1A9</com:Line>
                </com:AddressLines>
                <com:Country>CAN</com:Country>
            </com:Address>
            <com:ContactInfo>
                <com:EmailAddress>idil.madar@novartis.com</com:EmailAddress>
                <com:PhoneNumber>+1 514 6316775</com:PhoneNumber>
                <com:FaxNumber>+1 514 5146311867</com:FaxNumber>
            </com:ContactInfo>
            <com:RoleAtSiteLevel codeListId="clinadmin.occupation" codeListVersion="2013.12.13" assigningAuthority="" codeDescription="Primary Monitor">PMN</com:RoleAtSiteLevel>
            <com:StartDate>2012-07-17-04:00</com:StartDate>
            <com:EndDate>2013-04-02-04:00</com:EndDate>
        </stdsite:ClinicalPersonnel>
        <stdsite:PrimaryCenter>
            <com:CenterName>Hamilton Health Sciences</com:CenterName>
            <com:Address>
                <com:AddressLines>
                    <com:Line>237 Barton St E &#xD;
 DBCVRI C-3-11A&#xD;
</com:Line>
                </com:AddressLines>
                <com:City>Hamilton</com:City>
                <com:PostalCode>L8L 2X2 </com:PostalCode>
                <com:Country>TBD</com:Country>
            </com:Address>
            <com:ContactInfo>
                <com:PhoneNumber>+1905-527-4322, ext 40631</com:PhoneNumber>
                <com:FaxNumber>+1905-526-0678</com:FaxNumber>
            </com:ContactInfo>
        </stdsite:PrimaryCenter>
        <stdsite:StudySiteEventDates>
            <stdsite:PlannedFPFV>2013-04-22-04:00</stdsite:PlannedFPFV>
            <stdsite:PlannedFPFT>2013-05-08-04:00</stdsite:PlannedFPFT>
            <stdsite:PlannedLPFT>2014-07-30-04:00</stdsite:PlannedLPFT>
            <stdsite:PlannedLPLT>2016-05-02-04:00</stdsite:PlannedLPLT>
            <stdsite:PlannedLPLV>2016-07-25-04:00</stdsite:PlannedLPLV>
            <stdsite:ActualFPFV>2013-04-22-04:00</stdsite:ActualFPFV>
            <stdsite:ActualFPFT>2013-05-08-04:00</stdsite:ActualFPFT>
            <stdsite:PlannedSiteRISDate>2012-12-05-05:00</stdsite:PlannedSiteRISDate>
            <stdsite:ActualSiteRISDate>2012-12-05-05:00</stdsite:ActualSiteRISDate>
            <stdsite:PlannedInitiationVisit>2013-03-25-04:00</stdsite:PlannedInitiationVisit>
            <stdsite:ActualInitiationVisit>2013-03-25-04:00</stdsite:ActualInitiationVisit>
            <stdsite:PlannedEthicsApprovalDate>2013-01-03-05:00</stdsite:PlannedEthicsApprovalDate>
            <stdsite:ActualEthicsApprovalDate>2013-01-03-05:00</stdsite:ActualEthicsApprovalDate>
        </stdsite:StudySiteEventDates>
        <stdsite:StudySiteLocation>
            <stdsite:LocationAddress>
                <com:AddressLines>
                    <com:Line>237 Barton St E &#xD;
 DBCVRI C-3-11A&#xD;
</com:Line>
                </com:AddressLines>
                <com:City>Hamilton</com:City>
                <com:PostalCode>L8L 2X2 </com:PostalCode>
                <com:Country>CAN</com:Country>
            </stdsite:LocationAddress>
            <stdsite:LocationContactInfo>
                <com:PhoneNumber>+1905-527-4322, ext 40631</com:PhoneNumber>
                <com:FaxNumber>+1905-526-0678</com:FaxNumber>
            </stdsite:LocationContactInfo>
            <stdsite:CenterType codeListId="" codeListVersion="" assigningAuthority="" codeDescription=""></stdsite:CenterType>
            <stdsite:Purpose codeListId="clinadmin.location_purpose" codeListVersion="2013.12.13" codeDescription="Patient Treatment">PAT</stdsite:Purpose>
            <stdsite:Comments></stdsite:Comments>
            <stdsite:StatusDescription>Active</stdsite:StatusDescription>
        </stdsite:StudySiteLocation>
    </stdsite:StudySite>
</stdsite:StudySiteMessage>
