<?xml version="1.0" encoding="UTF-8" standalone="yes"?>
<stdcntry:StudyCountryMessage xmlns:com="http://www.novartis.com/DI/D2P/Broker/Schemas/CommonTypes" xmlns:stdcntry="http://www.novartis.com/DI/D2P/Broker/Schemas/StudyCountry" xmlns:extract="http://www.novartis.com/DI/D2P/Broker/Schemas/Extraction" com:schemaVersion="1.0">
    <com:SystemMessageHeader>
        <com:CreationDateTime>2013-12-13T15:58:03.825Z</com:CreationDateTime>
        <com:SenderID>ClinAdmin</com:SenderID>
        <com:BusinessSystemID>ClinAdmin</com:BusinessSystemID>
        <com:MessageID>ClinAdmin</com:MessageID>
    </com:SystemMessageHeader>
    <stdcntry:StudyCountry>
        <stdcntry:StudyCodeNCC>SPP100F_2301</stdcntry:StudyCodeNCC>
        <stdcntry:StudyCodeAlias>CSPP100F2301</stdcntry:StudyCodeAlias>
        <stdcntry:StudyIRTVendor> </stdcntry:StudyIRTVendor>
        <stdcntry:StudyIRTUsage>TBD</stdcntry:StudyIRTUsage>
        <stdcntry:StudyCountryDetails>
            <stdcntry:Country codeListId="clinadmin.country" codeListVersion="2013.12.13" assigningAuthority="" codeDescription="Hungary">HUN</stdcntry:Country>
            <stdcntry:CountryStatus codeListId="clinadmin.esb_simple_codes.study_country_status" codeListVersion="1.0" assigningAuthority="" codeDescription="Cancelled">CNL</stdcntry:CountryStatus>
            <stdcntry:CommittedRecruitmentNumber>155</stdcntry:CommittedRecruitmentNumber>
            <stdcntry:AdjustedRecruitmentNumber>155</stdcntry:AdjustedRecruitmentNumber>
            <stdcntry:NumberOfSitesSetUp>0</stdcntry:NumberOfSitesSetUp>
            <stdcntry:NumberOfSitesPlanned>15</stdcntry:NumberOfSitesPlanned>
        </stdcntry:StudyCountryDetails>
        <stdcntry:Personnel>
            <com:PersonnelID>FATRAKA1</com:PersonnelID>
            <com:Forename>Katalin</com:Forename>
            <com:Surname>Fatrai</com:Surname>
            <com:Address>
                <com:AddressLines/>
                <com:Country>TBD</com:Country>
            </com:Address>
            <com:ContactInfo/>
            <com:RoleAtCountryLevel codeListId="clinadmin.occupation" codeListVersion="2013.12.13" assigningAuthority="" codeDescription="CPO Trial Administrator">TPA</com:RoleAtCountryLevel>
            <com:StartDate>2009-05-21-04:00</com:StartDate>
        </stdcntry:Personnel>
        <stdcntry:Personnel>
            <com:PersonnelID>FEKECKR1</com:PersonnelID>
            <com:Forename>Krisztina</com:Forename>
            <com:Surname>Fekecs</com:Surname>
            <com:Address>
                <com:AddressLines/>
                <com:Country>TBD</com:Country>
            </com:Address>
            <com:ContactInfo/>
            <com:RoleAtCountryLevel codeListId="clinadmin.occupation" codeListVersion="2013.12.13" assigningAuthority="" codeDescription="CPO Trial Administrator">TPA</com:RoleAtCountryLevel>
            <com:StartDate>2008-12-08-05:00</com:StartDate>
        </stdcntry:Personnel>
        <stdcntry:Personnel>
            <com:PersonnelID>PALLALI2</com:PersonnelID>
            <com:Forename>Lilla</com:Forename>
            <com:Surname>Palla</com:Surname>
            <com:Address>
                <com:AddressLines>
                    <com:Line>Novartis Hungary Healthcare
Limited Liability Company
Bartok Haz
Bartok Bela ut 43-47</com:Line>
                    <com:Line> 5th floor
H-1114 Budapest</com:Line>
                </com:AddressLines>
                <com:Country>HUN</com:Country>
            </com:Address>
            <com:ContactInfo>
                <com:EmailAddress>lilla.palla@novartis.com</com:EmailAddress>
                <com:PhoneNumber>+36 1 4576503</com:PhoneNumber>
                <com:FaxNumber>+36 1 4576600</com:FaxNumber>
            </com:ContactInfo>
            <com:RoleAtCountryLevel codeListId="clinadmin.occupation" codeListVersion="2013.12.13" assigningAuthority="" codeDescription="CPO Trial Administrator">TPA</com:RoleAtCountryLevel>
            <com:StartDate>2008-12-08-05:00</com:StartDate>
        </stdcntry:Personnel>
        <stdcntry:Personnel>
            <com:PersonnelID>YEROKYA1</com:PersonnelID>
            <com:Forename>Yaroslav</com:Forename>
            <com:Surname>Yerokhin</com:Surname>
            <com:Address>
                <com:AddressLines>
                    <com:Line>Novartis Hungary Healthcare
Limited Liability Company
Bartok Haz
Bartok Bela ut 43-47</com:Line>
                    <com:Line> 5th floor
H-1114 Budapest</com:Line>
                </com:AddressLines>
                <com:Country>HUN</com:Country>
            </com:Address>
            <com:ContactInfo>
                <com:EmailAddress>yaroslav.yerokhin@novartis.com</com:EmailAddress>
                <com:PhoneNumber>+36 1 4576552</com:PhoneNumber>
                <com:FaxNumber>+36 1 4576600</com:FaxNumber>
            </com:ContactInfo>
            <com:RoleAtCountryLevel codeListId="clinadmin.occupation" codeListVersion="2013.12.13" assigningAuthority="" codeDescription="CPO Trial Administrator">TPA</com:RoleAtCountryLevel>
            <com:StartDate>2009-03-24-04:00</com:StartDate>
        </stdcntry:Personnel>
        <stdcntry:Personnel>
            <com:PersonnelID>SZAMOGA1</com:PersonnelID>
            <com:Forename>Gabor</com:Forename>
            <com:Surname>Szamoskozi</com:Surname>
            <com:Address>
                <com:AddressLines/>
                <com:Country>TBD</com:Country>
            </com:Address>
            <com:ContactInfo/>
            <com:RoleAtCountryLevel codeListId="clinadmin.occupation" codeListVersion="2013.12.13" assigningAuthority="" codeDescription="ICRO Coordinator">CIC</com:RoleAtCountryLevel>
            <com:StartDate>2008-12-08-05:00</com:StartDate>
        </stdcntry:Personnel>
        <stdcntry:StudyCountryEventDates>
            <stdcntry:PlannedHASubmission>2009-02-17-05:00</stdcntry:PlannedHASubmission>
            <stdcntry:PlannedFPFV>2010-04-20-04:00</stdcntry:PlannedFPFV>
            <stdcntry:PlannedFPFT>2010-06-30-04:00</stdcntry:PlannedFPFT>
            <stdcntry:PlannedLPFT>2011-09-27-04:00</stdcntry:PlannedLPFT>
            <stdcntry:PlannedLPLT>2013-03-20-04:00</stdcntry:PlannedLPLT>
            <stdcntry:PlannedLPLV>2013-03-20-04:00</stdcntry:PlannedLPLV>
            <stdcntry:ActualHASubmission>2009-02-17-05:00</stdcntry:ActualHASubmission>
        </stdcntry:StudyCountryEventDates>
    </stdcntry:StudyCountry>
</stdcntry:StudyCountryMessage>
