<?xml version="1.0" encoding="UTF-8" standalone="yes"?>
<stdsite:StudySiteMessage xmlns:com="http://www.novartis.com/DI/D2P/Broker/Schemas/CommonTypes" xmlns:stdsite="http://www.novartis.com/DI/D2P/Broker/Schemas/StudySite" xmlns:extract="http://www.novartis.com/DI/D2P/Broker/Schemas/Extraction" com:schemaVersion="1.0">
    <com:SystemMessageHeader>
        <com:CreationDateTime>2013-12-13T16:47:24.280Z</com:CreationDateTime>
        <com:SenderID>ClinAdmin</com:SenderID>
        <com:BusinessSystemID>ClinAdmin</com:BusinessSystemID>
        <com:MessageID>ClinAdmin</com:MessageID>
    </com:SystemMessageHeader>
    <stdsite:StudySite>
        <stdsite:StudyCodeNCC>ACZ885M_2301</stdsite:StudyCodeNCC>
        <stdsite:StudyCodeAlias>CACZ885M2301</stdsite:StudyCodeAlias>
        <stdsite:StudyIRTVendor> </stdsite:StudyIRTVendor>
        <stdsite:StudyIRTUsage>CSIRT1.02</stdsite:StudyIRTUsage>
        <stdsite:StudySiteDetails>
            <stdsite:StudyCountrySiteId>120</stdsite:StudyCountrySiteId>
            <stdsite:SiteID>100517-16</stdsite:SiteID>
            <stdsite:StudySiteID>1620</stdsite:StudySiteID>
            <stdsite:SiteName>R/D Clinical Research, Inc. CACZ885M2301</stdsite:SiteName>
            <stdsite:Country codeListId="clinadmin.country" codeListVersion="2013.12.13" assigningAuthority="" codeDescription="United States">USA</stdsite:Country>
            <stdsite:OnHoldIndicator>false</stdsite:OnHoldIndicator>
            <stdsite:SiteStatus codeListId="clinadmin.esb_simple_codes.study_site_status" codeListVersion="1.0" assigningAuthority="" codeDescription="Active">ACT</stdsite:SiteStatus>
        </stdsite:StudySiteDetails>
        <stdsite:SiteShipmentAddress>
            <stdsite:SiteName>R/D Clinical Research, Inc. CACZ885M2301</stdsite:SiteName>
            <stdsite:Address>
                <com:AddressLines>
                    <com:Line>461 This Way Street&#xD;
&#xD;
</com:Line>
                </com:AddressLines>
                <com:City>Lake Jackson</com:City>
                <com:PostalCode>77566</com:PostalCode>
                <com:Country>TBD</com:Country>
            </stdsite:Address>
        </stdsite:SiteShipmentAddress>
        <stdsite:ClinicalPersonnel>
            <com:PersonnelID>275823C@CA</com:PersonnelID>
            <com:Forename>Mary</com:Forename>
            <com:Middlename>Mordente</com:Middlename>
            <com:Surname>Fuchs</com:Surname>
            <com:Address>
                <com:AddressLines>
                    <com:Line>X</com:Line>
                </com:AddressLines>
                <com:Country>TBD</com:Country>
            </com:Address>
            <com:ContactInfo>
                <com:EmailAddress>MMF@JBRAU.NET</com:EmailAddress>
            </com:ContactInfo>
            <com:RoleAtSiteLevel codeListId="clinadmin.occupation" codeListVersion="2013.12.13" assigningAuthority="" codeDescription="Sub-Investigator">SINV</com:RoleAtSiteLevel>
            <com:StartDate>2010-11-29-05:00</com:StartDate>
        </stdsite:ClinicalPersonnel>
        <stdsite:ClinicalPersonnel>
            <com:PersonnelID>143194C@CA</com:PersonnelID>
            <com:Forename>Laura</com:Forename>
            <com:Surname>Townsend</com:Surname>
            <com:Address>
                <com:AddressLines>
                    <com:Line>X</com:Line>
                </com:AddressLines>
                <com:Country>TBD</com:Country>
            </com:Address>
            <com:ContactInfo>
                <com:EmailAddress>lauratownsend@rdclinicalresearch.com</com:EmailAddress>
            </com:ContactInfo>
            <com:RoleAtSiteLevel codeListId="clinadmin.occupation" codeListVersion="2013.12.13" assigningAuthority="" codeDescription="Primary Co-ordinator">PCO</com:RoleAtSiteLevel>
            <com:StartDate>2010-11-29-05:00</com:StartDate>
            <com:EndDate>2011-04-23-04:00</com:EndDate>
        </stdsite:ClinicalPersonnel>
        <stdsite:ClinicalPersonnel>
            <com:PersonnelID>286636C@CA</com:PersonnelID>
            <com:Forename>Kathleen</com:Forename>
            <com:Surname>Massey</com:Surname>
            <com:Address>
                <com:AddressLines>
                    <com:Line>X</com:Line>
                </com:AddressLines>
                <com:Country>TBD</com:Country>
            </com:Address>
            <com:ContactInfo>
                <com:EmailAddress>kmassey@rdclinicalreserach.com</com:EmailAddress>
            </com:ContactInfo>
            <com:RoleAtSiteLevel codeListId="clinadmin.occupation" codeListVersion="2013.12.13" assigningAuthority="" codeDescription="Primary Co-ordinator">PCO</com:RoleAtSiteLevel>
            <com:StartDate>2011-08-03-04:00</com:StartDate>
            <com:EndDate>2011-11-17-05:00</com:EndDate>
        </stdsite:ClinicalPersonnel>
        <stdsite:ClinicalPersonnel>
            <com:PersonnelID>286636C@CA</com:PersonnelID>
            <com:Forename>Kathleen</com:Forename>
            <com:Surname>Massey</com:Surname>
            <com:Address>
                <com:AddressLines>
                    <com:Line>X</com:Line>
                </com:AddressLines>
                <com:Country>TBD</com:Country>
            </com:Address>
            <com:ContactInfo>
                <com:EmailAddress>kmassey@rdclinicalreserach.com</com:EmailAddress>
            </com:ContactInfo>
            <com:RoleAtSiteLevel codeListId="clinadmin.occupation" codeListVersion="2013.12.13" assigningAuthority="" codeDescription="Trial Coordinator">TC</com:RoleAtSiteLevel>
            <com:StartDate>2011-07-06-04:00</com:StartDate>
            <com:EndDate>2011-08-03-04:00</com:EndDate>
        </stdsite:ClinicalPersonnel>
        <stdsite:ClinicalPersonnel>
            <com:PersonnelID>208464C@CA</com:PersonnelID>
            <com:Forename>Harvey</com:Forename>
            <com:Surname>Resnick</com:Surname>
            <com:Address>
                <com:AddressLines>
                    <com:Line>XX</com:Line>
                </com:AddressLines>
                <com:Country>TBD</com:Country>
            </com:Address>
            <com:ContactInfo>
                <com:EmailAddress>hresnick@mastnet.net</com:EmailAddress>
                <com:PhoneNumber>+1 979 297 3535</com:PhoneNumber>
                <com:FaxNumber>+1 979 297 1497</com:FaxNumber>
            </com:ContactInfo>
            <com:RoleAtSiteLevel codeListId="clinadmin.occupation" codeListVersion="2013.12.13" assigningAuthority="" codeDescription="Primary Investigator">PINV</com:RoleAtSiteLevel>
            <com:StartDate>2010-11-29-05:00</com:StartDate>
        </stdsite:ClinicalPersonnel>
        <stdsite:ClinicalPersonnel>
            <com:PersonnelID>300667C@CA</com:PersonnelID>
            <com:Forename>Michele</com:Forename>
            <com:Middlename>Leigh</com:Middlename>
            <com:Surname>Gambrel</com:Surname>
            <com:Address>
                <com:AddressLines>
                    <com:Line>X</com:Line>
                </com:AddressLines>
                <com:Country>TBD</com:Country>
            </com:Address>
            <com:ContactInfo>
                <com:EmailAddress>Not provided</com:EmailAddress>
            </com:ContactInfo>
            <com:RoleAtSiteLevel codeListId="clinadmin.occupation" codeListVersion="2013.12.13" assigningAuthority="" codeDescription="Sub-Investigator">SINV</com:RoleAtSiteLevel>
            <com:StartDate>2012-02-09-05:00</com:StartDate>
        </stdsite:ClinicalPersonnel>
        <stdsite:ClinicalPersonnel>
            <com:PersonnelID>JIMMILI1</com:PersonnelID>
            <com:Forename>Lisa</com:Forename>
            <com:Surname>Jimmink</com:Surname>
            <com:Address>
                <com:AddressLines>
                    <com:Line>Novartis Pharmaceuticals Corporation
One Health Plaza
East Hanover</com:Line>
                    <com:Line> NJ 07936-1080</com:Line>
                </com:AddressLines>
                <com:Country>USA</com:Country>
            </com:Address>
            <com:ContactInfo>
                <com:EmailAddress>lisa.jimmink@novartis.com</com:EmailAddress>
                <com:PhoneNumber>+1  8627787965</com:PhoneNumber>
                <com:FaxNumber>+1  9737816415</com:FaxNumber>
                <com:SecondaryPhoneNumber>+ 1862 7787965</com:SecondaryPhoneNumber>
            </com:ContactInfo>
            <com:RoleAtSiteLevel codeListId="clinadmin.occupation" codeListVersion="2013.12.13" assigningAuthority="" codeDescription="CPO Trial Administrator">TPA</com:RoleAtSiteLevel>
            <com:StartDate>2010-12-04-05:00</com:StartDate>
        </stdsite:ClinicalPersonnel>
        <stdsite:ClinicalPersonnel>
            <com:PersonnelID>257824C@CA</com:PersonnelID>
            <com:Forename>Monica</com:Forename>
            <com:Surname>Razo</com:Surname>
            <com:Address>
                <com:AddressLines>
                    <com:Line>X</com:Line>
                </com:AddressLines>
                <com:Country>TBD</com:Country>
            </com:Address>
            <com:ContactInfo>
                <com:EmailAddress>monicarazo@rdclinicalresearch.com</com:EmailAddress>
            </com:ContactInfo>
            <com:RoleAtSiteLevel codeListId="clinadmin.occupation" codeListVersion="2013.12.13" assigningAuthority="" codeDescription="Primary Co-ordinator">PCO</com:RoleAtSiteLevel>
            <com:StartDate>2011-04-23-04:00</com:StartDate>
            <com:EndDate>2011-07-06-04:00</com:EndDate>
        </stdsite:ClinicalPersonnel>
        <stdsite:ClinicalPersonnel>
            <com:PersonnelID>HAMILRO2</com:PersonnelID>
            <com:Forename>Rosa</com:Forename>
            <com:Surname>Hamilton</com:Surname>
            <com:Address>
                <com:AddressLines>
                    <com:Line>Novartis Pharmaceuticals Corporation
One Health Plaza
East Hanover</com:Line>
                    <com:Line> NJ 07936-1080</com:Line>
                </com:AddressLines>
                <com:Country>USA</com:Country>
            </com:Address>
            <com:ContactInfo>
                <com:EmailAddress>rosa.hamilton@novartis.com</com:EmailAddress>
                <com:PhoneNumber>+1  8627786989</com:PhoneNumber>
                <com:FaxNumber>+1  9737818265</com:FaxNumber>
                <com:SecondaryPhoneNumber>+1 862 7786989</com:SecondaryPhoneNumber>
            </com:ContactInfo>
            <com:RoleAtSiteLevel codeListId="clinadmin.occupation" codeListVersion="2013.12.13" assigningAuthority="" codeDescription="CPO Trial Administrator">TPA</com:RoleAtSiteLevel>
            <com:StartDate>2010-11-27-05:00</com:StartDate>
        </stdsite:ClinicalPersonnel>
        <stdsite:ClinicalPersonnel>
            <com:PersonnelID>253422C@CA</com:PersonnelID>
            <com:Forename>Donna</com:Forename>
            <com:Surname>Morton</com:Surname>
            <com:Address>
                <com:AddressLines>
                    <com:Line>X</com:Line>
                </com:AddressLines>
                <com:Country>TBD</com:Country>
            </com:Address>
            <com:ContactInfo>
                <com:EmailAddress>donnamorton@rdclinicalresearch.com</com:EmailAddress>
            </com:ContactInfo>
            <com:RoleAtSiteLevel codeListId="clinadmin.occupation" codeListVersion="2013.12.13" assigningAuthority="" codeDescription="Sub-Investigator">SINV</com:RoleAtSiteLevel>
            <com:StartDate>2013-06-03-04:00</com:StartDate>
        </stdsite:ClinicalPersonnel>
        <stdsite:ClinicalPersonnel>
            <com:PersonnelID>143194C@CA</com:PersonnelID>
            <com:Forename>Laura</com:Forename>
            <com:Surname>Townsend</com:Surname>
            <com:Address>
                <com:AddressLines>
                    <com:Line>X</com:Line>
                </com:AddressLines>
                <com:Country>TBD</com:Country>
            </com:Address>
            <com:ContactInfo>
                <com:EmailAddress>lauratownsend@rdclinicalresearch.com</com:EmailAddress>
            </com:ContactInfo>
            <com:RoleAtSiteLevel codeListId="clinadmin.occupation" codeListVersion="2013.12.13" assigningAuthority="" codeDescription="Trial Coordinator">TC</com:RoleAtSiteLevel>
            <com:StartDate>2011-04-23-04:00</com:StartDate>
            <com:EndDate>2011-07-06-04:00</com:EndDate>
        </stdsite:ClinicalPersonnel>
        <stdsite:ClinicalPersonnel>
            <com:PersonnelID>103677C@CA</com:PersonnelID>
            <com:Forename>Carol</com:Forename>
            <com:Surname>Janes</com:Surname>
            <com:Address>
                <com:AddressLines>
                    <com:Line>XX</com:Line>
                </com:AddressLines>
                <com:Country>TBD</com:Country>
            </com:Address>
            <com:ContactInfo>
                <com:EmailAddress>caroljanes@rdclinicalresearch.com</com:EmailAddress>
                <com:PhoneNumber>979-299-0407</com:PhoneNumber>
            </com:ContactInfo>
            <com:RoleAtSiteLevel codeListId="clinadmin.occupation" codeListVersion="2013.12.13" assigningAuthority="" codeDescription="Trial Coordinator">TC</com:RoleAtSiteLevel>
            <com:StartDate>2010-11-29-05:00</com:StartDate>
            <com:EndDate>2011-04-23-04:00</com:EndDate>
        </stdsite:ClinicalPersonnel>
        <stdsite:ClinicalPersonnel>
            <com:PersonnelID>253482C@CA</com:PersonnelID>
            <com:Forename>Sarah</com:Forename>
            <com:Surname>Dougherty</com:Surname>
            <com:Address>
                <com:AddressLines>
                    <com:Line>X</com:Line>
                </com:AddressLines>
                <com:Country>TBD</com:Country>
            </com:Address>
            <com:ContactInfo>
                <com:EmailAddress>sarahdougherty@rdclinicalresearch.com</com:EmailAddress>
            </com:ContactInfo>
            <com:RoleAtSiteLevel codeListId="clinadmin.occupation" codeListVersion="2013.12.13" assigningAuthority="" codeDescription="Trial Coordinator">TC</com:RoleAtSiteLevel>
            <com:StartDate>2013-01-30-05:00</com:StartDate>
            <com:EndDate>2013-03-07-05:00</com:EndDate>
        </stdsite:ClinicalPersonnel>
        <stdsite:ClinicalPersonnel>
            <com:PersonnelID>DEPERMA1</com:PersonnelID>
            <com:Forename>Maxence</com:Forename>
            <com:Surname>Deperrois</com:Surname>
            <com:Address>
                <com:AddressLines>
                    <com:Line>Novartis Pharma AG
Forum 1
Novartis Campus
CH-4056 Basel</com:Line>
                </com:AddressLines>
                <com:Country>CHE</com:Country>
            </com:Address>
            <com:ContactInfo>
                <com:EmailAddress>maxence.deperrois@novartis.com</com:EmailAddress>
                <com:PhoneNumber>+41 61 3242595</com:PhoneNumber>
                <com:FaxNumber>+41 61 3245888</com:FaxNumber>
            </com:ContactInfo>
            <com:RoleAtSiteLevel codeListId="clinadmin.occupation" codeListVersion="2013.12.13" assigningAuthority="" codeDescription="CPO Trial Administrator">TPA</com:RoleAtSiteLevel>
            <com:StartDate>2012-01-01-05:00</com:StartDate>
        </stdsite:ClinicalPersonnel>
        <stdsite:ClinicalPersonnel>
            <com:PersonnelID>NICHOJO3</com:PersonnelID>
            <com:Forename>Joshua</com:Forename>
            <com:Surname>Nichols</com:Surname>
            <com:Address>
                <com:AddressLines>
                    <com:Line>Novartis Pharmaceuticals Corporation
One Health Plaza
East Hanover</com:Line>
                    <com:Line> NJ 07936-1080</com:Line>
                </com:AddressLines>
                <com:Country>USA</com:Country>
            </com:Address>
            <com:ContactInfo>
                <com:EmailAddress>joshua.nichols@novartis.com</com:EmailAddress>
                <com:PhoneNumber>+1  8627787261</com:PhoneNumber>
                <com:FaxNumber>+1  9737818265</com:FaxNumber>
            </com:ContactInfo>
            <com:RoleAtSiteLevel codeListId="clinadmin.occupation" codeListVersion="2013.12.13" assigningAuthority="" codeDescription="CPO Trial Administrator">TPA</com:RoleAtSiteLevel>
            <com:StartDate>2010-12-04-05:00</com:StartDate>
        </stdsite:ClinicalPersonnel>
        <stdsite:ClinicalPersonnel>
            <com:PersonnelID>140523C@CA</com:PersonnelID>
            <com:Forename>Brian</com:Forename>
            <com:Middlename>John</com:Middlename>
            <com:Surname>Feaver</com:Surname>
            <com:Address>
                <com:AddressLines>
                    <com:Line>X</com:Line>
                </com:AddressLines>
                <com:Country>TBD</com:Country>
            </com:Address>
            <com:ContactInfo>
                <com:EmailAddress>mail@rdclinicalresearch.com</com:EmailAddress>
            </com:ContactInfo>
            <com:RoleAtSiteLevel codeListId="clinadmin.occupation" codeListVersion="2013.12.13" assigningAuthority="" codeDescription="Sub-Investigator">SINV</com:RoleAtSiteLevel>
            <com:StartDate>2010-11-29-05:00</com:StartDate>
            <com:EndDate>2011-09-01-04:00</com:EndDate>
        </stdsite:ClinicalPersonnel>
        <stdsite:ClinicalPersonnel>
            <com:PersonnelID>KHANABF</com:PersonnelID>
            <com:Forename>Abdul Salmaan</com:Forename>
            <com:Surname>Khan</com:Surname>
            <com:Address>
                <com:AddressLines>
                    <com:Line>Novartis Healthcare Pvt. Ltd.
Building # 6
Raheja Mind Space</com:Line>
                    <com:Line> Hitech City
Madhapur / Hyderabad</com:Line>
                    <com:Line> Rangareddy 500 08</com:Line>
                </com:AddressLines>
                <com:Country>IND</com:Country>
            </com:Address>
            <com:ContactInfo>
                <com:EmailAddress>abdul_salmaan.khan@novartis.com</com:EmailAddress>
                <com:PhoneNumber>+91 40 67671000</com:PhoneNumber>
                <com:FaxNumber>+91 40 67686951</com:FaxNumber>
            </com:ContactInfo>
            <com:RoleAtSiteLevel codeListId="clinadmin.occupation" codeListVersion="2013.12.13" assigningAuthority="" codeDescription="Central Field Monitor">CFM</com:RoleAtSiteLevel>
            <com:StartDate>2013-10-23-04:00</com:StartDate>
        </stdsite:ClinicalPersonnel>
        <stdsite:ClinicalPersonnel>
            <com:PersonnelID>333167C@CA</com:PersonnelID>
            <com:Forename>Erica</com:Forename>
            <com:Surname>Morton</com:Surname>
            <com:Address>
                <com:AddressLines>
                    <com:Line>X</com:Line>
                </com:AddressLines>
                <com:Country>TBD</com:Country>
            </com:Address>
            <com:ContactInfo>
                <com:EmailAddress>ericamorton@rdclinicalresearch.com</com:EmailAddress>
            </com:ContactInfo>
            <com:RoleAtSiteLevel codeListId="clinadmin.occupation" codeListVersion="2013.12.13" assigningAuthority="" codeDescription="Sub-Investigator">SINV</com:RoleAtSiteLevel>
            <com:StartDate>2013-06-03-04:00</com:StartDate>
        </stdsite:ClinicalPersonnel>
        <stdsite:ClinicalPersonnel>
            <com:PersonnelID>293782C@CA</com:PersonnelID>
            <com:Forename>Alexis</com:Forename>
            <com:Surname>Stockton</com:Surname>
            <com:Address>
                <com:AddressLines>
                    <com:Line>X</com:Line>
                </com:AddressLines>
                <com:Country>TBD</com:Country>
            </com:Address>
            <com:ContactInfo>
                <com:EmailAddress>alexisstockton@rdclinicalresearch.com</com:EmailAddress>
            </com:ContactInfo>
            <com:RoleAtSiteLevel codeListId="clinadmin.occupation" codeListVersion="2013.12.13" assigningAuthority="" codeDescription="Trial Coordinator">TC</com:RoleAtSiteLevel>
            <com:StartDate>2011-09-01-04:00</com:StartDate>
        </stdsite:ClinicalPersonnel>
        <stdsite:ClinicalPersonnel>
            <com:PersonnelID>320699C@CA</com:PersonnelID>
            <com:Forename>Deniece</com:Forename>
            <com:Surname>Villarreal</com:Surname>
            <com:Address>
                <com:AddressLines>
                    <com:Line>X</com:Line>
                </com:AddressLines>
                <com:Country>TBD</com:Country>
            </com:Address>
            <com:ContactInfo>
                <com:EmailAddress>deniecevillarreal@rdclinicalresearch.com</com:EmailAddress>
            </com:ContactInfo>
            <com:RoleAtSiteLevel codeListId="clinadmin.occupation" codeListVersion="2013.12.13" assigningAuthority="" codeDescription="Trial Coordinator">TC</com:RoleAtSiteLevel>
            <com:StartDate>2013-01-28-05:00</com:StartDate>
        </stdsite:ClinicalPersonnel>
        <stdsite:ClinicalPersonnel>
            <com:PersonnelID>253422C@CA</com:PersonnelID>
            <com:Forename>Donna</com:Forename>
            <com:Surname>Morton</com:Surname>
            <com:Address>
                <com:AddressLines>
                    <com:Line>X</com:Line>
                </com:AddressLines>
                <com:Country>TBD</com:Country>
            </com:Address>
            <com:ContactInfo>
                <com:EmailAddress>donnamorton@rdclinicalresearch.com</com:EmailAddress>
            </com:ContactInfo>
            <com:RoleAtSiteLevel codeListId="clinadmin.occupation" codeListVersion="2013.12.13" assigningAuthority="" codeDescription="Trial Coordinator">TC</com:RoleAtSiteLevel>
            <com:StartDate>2013-05-06-04:00</com:StartDate>
        </stdsite:ClinicalPersonnel>
        <stdsite:ClinicalPersonnel>
            <com:PersonnelID>MALERKI1</com:PersonnelID>
            <com:Forename>Kimberly</com:Forename>
            <com:Surname>Malerba</com:Surname>
            <com:Address>
                <com:AddressLines>
                    <com:Line>Novartis Pharmaceuticals Corporation
One Health Plaza
East Hanover</com:Line>
                    <com:Line> NJ 07936-1080</com:Line>
                </com:AddressLines>
                <com:Country>USA</com:Country>
            </com:Address>
            <com:ContactInfo>
                <com:EmailAddress>kimberly.malerba@novartis.com</com:EmailAddress>
                <com:PhoneNumber>+1  8627785883</com:PhoneNumber>
                <com:FaxNumber>+1  9737812287</com:FaxNumber>
            </com:ContactInfo>
            <com:RoleAtSiteLevel codeListId="clinadmin.occupation" codeListVersion="2013.12.13" assigningAuthority="" codeDescription="CPO Trial Administrator">TPA</com:RoleAtSiteLevel>
            <com:StartDate>2010-12-04-05:00</com:StartDate>
        </stdsite:ClinicalPersonnel>
        <stdsite:ClinicalPersonnel>
            <com:PersonnelID>143194C@CA</com:PersonnelID>
            <com:Forename>Laura</com:Forename>
            <com:Surname>Townsend</com:Surname>
            <com:Address>
                <com:AddressLines>
                    <com:Line>X</com:Line>
                </com:AddressLines>
                <com:Country>TBD</com:Country>
            </com:Address>
            <com:ContactInfo>
                <com:EmailAddress>lauratownsend@rdclinicalresearch.com</com:EmailAddress>
            </com:ContactInfo>
            <com:RoleAtSiteLevel codeListId="clinadmin.occupation" codeListVersion="2013.12.13" assigningAuthority="" codeDescription="Primary Co-ordinator">PCO</com:RoleAtSiteLevel>
            <com:StartDate>2011-07-06-04:00</com:StartDate>
            <com:EndDate>2011-08-03-04:00</com:EndDate>
        </stdsite:ClinicalPersonnel>
        <stdsite:ClinicalPersonnel>
            <com:PersonnelID>143194C@CA</com:PersonnelID>
            <com:Forename>Laura</com:Forename>
            <com:Surname>Townsend</com:Surname>
            <com:Address>
                <com:AddressLines>
                    <com:Line>X</com:Line>
                </com:AddressLines>
                <com:Country>TBD</com:Country>
            </com:Address>
            <com:ContactInfo>
                <com:EmailAddress>lauratownsend@rdclinicalresearch.com</com:EmailAddress>
            </com:ContactInfo>
            <com:RoleAtSiteLevel codeListId="clinadmin.occupation" codeListVersion="2013.12.13" assigningAuthority="" codeDescription="Trial Coordinator">TC</com:RoleAtSiteLevel>
            <com:StartDate>2011-08-03-04:00</com:StartDate>
        </stdsite:ClinicalPersonnel>
        <stdsite:ClinicalPersonnel>
            <com:PersonnelID>LANDWDA1</com:PersonnelID>
            <com:Forename>Darlene</com:Forename>
            <com:Surname>Landwehr</com:Surname>
            <com:Address>
                <com:AddressLines/>
                <com:Country>TBD</com:Country>
            </com:Address>
            <com:ContactInfo>
                <com:PhoneNumber>+1 281 464-7522/c.281 381 6613</com:PhoneNumber>
                <com:FaxNumber>+1 281-464-8804</com:FaxNumber>
            </com:ContactInfo>
            <com:RoleAtSiteLevel codeListId="clinadmin.occupation" codeListVersion="2013.12.13" assigningAuthority="" codeDescription="Primary Monitor">PMN</com:RoleAtSiteLevel>
            <com:StartDate>2010-11-29-05:00</com:StartDate>
            <com:EndDate>2012-08-30-04:00</com:EndDate>
        </stdsite:ClinicalPersonnel>
        <stdsite:ClinicalPersonnel>
            <com:PersonnelID>253482C@CA</com:PersonnelID>
            <com:Forename>Sarah</com:Forename>
            <com:Surname>Dougherty</com:Surname>
            <com:Address>
                <com:AddressLines>
                    <com:Line>X</com:Line>
                </com:AddressLines>
                <com:Country>TBD</com:Country>
            </com:Address>
            <com:ContactInfo>
                <com:EmailAddress>sarahdougherty@rdclinicalresearch.com</com:EmailAddress>
            </com:ContactInfo>
            <com:RoleAtSiteLevel codeListId="clinadmin.occupation" codeListVersion="2013.12.13" assigningAuthority="" codeDescription="Primary Co-ordinator">PCO</com:RoleAtSiteLevel>
            <com:StartDate>2011-11-17-05:00</com:StartDate>
            <com:EndDate>2013-01-28-05:00</com:EndDate>
        </stdsite:ClinicalPersonnel>
        <stdsite:ClinicalPersonnel>
            <com:PersonnelID>HALARNA1</com:PersonnelID>
            <com:Forename>Nazlin</com:Forename>
            <com:Surname>Halari</com:Surname>
            <com:Address>
                <com:AddressLines>
                    <com:Line>Novartis Pharmaceuticals Corporation
One Health Plaza
East Hanover</com:Line>
                    <com:Line> NJ 07936-1080</com:Line>
                </com:AddressLines>
                <com:Country>USA</com:Country>
            </com:Address>
            <com:ContactInfo>
                <com:EmailAddress>nazlin.halari@novartis.com</com:EmailAddress>
                <com:PhoneNumber>+1  8627784922</com:PhoneNumber>
                <com:FaxNumber>+1  9737818265</com:FaxNumber>
            </com:ContactInfo>
            <com:RoleAtSiteLevel codeListId="clinadmin.occupation" codeListVersion="2013.12.13" assigningAuthority="" codeDescription="CPO Trial Administrator">TPA</com:RoleAtSiteLevel>
            <com:StartDate>2010-12-04-05:00</com:StartDate>
        </stdsite:ClinicalPersonnel>
        <stdsite:ClinicalPersonnel>
            <com:PersonnelID>194947C@CA</com:PersonnelID>
            <com:Forename>Lisa</com:Forename>
            <com:Surname>Rab</com:Surname>
            <com:Address>
                <com:AddressLines>
                    <com:Line>X</com:Line>
                </com:AddressLines>
                <com:Country>TBD</com:Country>
            </com:Address>
            <com:ContactInfo>
                <com:EmailAddress>lisarab@rdclinicalresearch.com</com:EmailAddress>
            </com:ContactInfo>
            <com:RoleAtSiteLevel codeListId="clinadmin.occupation" codeListVersion="2013.12.13" assigningAuthority="" codeDescription="Primary Co-ordinator">PCO</com:RoleAtSiteLevel>
            <com:StartDate>2013-01-28-05:00</com:StartDate>
        </stdsite:ClinicalPersonnel>
        <stdsite:ClinicalPersonnel>
            <com:PersonnelID>194947C@CA</com:PersonnelID>
            <com:Forename>Lisa</com:Forename>
            <com:Surname>Rab</com:Surname>
            <com:Address>
                <com:AddressLines>
                    <com:Line>X</com:Line>
                </com:AddressLines>
                <com:Country>TBD</com:Country>
            </com:Address>
            <com:ContactInfo>
                <com:EmailAddress>lisarab@rdclinicalresearch.com</com:EmailAddress>
            </com:ContactInfo>
            <com:RoleAtSiteLevel codeListId="clinadmin.occupation" codeListVersion="2013.12.13" assigningAuthority="" codeDescription="Sub-Investigator">SINV</com:RoleAtSiteLevel>
            <com:StartDate>2013-06-03-04:00</com:StartDate>
        </stdsite:ClinicalPersonnel>
        <stdsite:ClinicalPersonnel>
            <com:PersonnelID>253482C@CA</com:PersonnelID>
            <com:Forename>Sarah</com:Forename>
            <com:Surname>Dougherty</com:Surname>
            <com:Address>
                <com:AddressLines>
                    <com:Line>X</com:Line>
                </com:AddressLines>
                <com:Country>TBD</com:Country>
            </com:Address>
            <com:ContactInfo>
                <com:EmailAddress>sarahdougherty@rdclinicalresearch.com</com:EmailAddress>
            </com:ContactInfo>
            <com:RoleAtSiteLevel codeListId="clinadmin.occupation" codeListVersion="2013.12.13" assigningAuthority="" codeDescription="Trial Coordinator">TC</com:RoleAtSiteLevel>
            <com:StartDate>2011-09-01-04:00</com:StartDate>
            <com:EndDate>2011-11-17-05:00</com:EndDate>
        </stdsite:ClinicalPersonnel>
        <stdsite:ClinicalPersonnel>
            <com:PersonnelID>UGOCHKI1</com:PersonnelID>
            <com:Forename>Kingsley</com:Forename>
            <com:Surname>Ugochukwu</com:Surname>
            <com:Address>
                <com:AddressLines>
                    <com:Line>Novartis Pharmaceuticals Corporation
One Health Plaza
East Hanover</com:Line>
                    <com:Line> NJ 07936-1080</com:Line>
                </com:AddressLines>
                <com:Country>USA</com:Country>
            </com:Address>
            <com:ContactInfo>
                <com:EmailAddress>kingsley.ugochukwu@novartis.com</com:EmailAddress>
                <com:PhoneNumber>+1  8627788300</com:PhoneNumber>
                <com:FaxNumber>+1  9737818265</com:FaxNumber>
            </com:ContactInfo>
            <com:RoleAtSiteLevel codeListId="clinadmin.occupation" codeListVersion="2013.12.13" assigningAuthority="" codeDescription="Primary Monitor">PMN</com:RoleAtSiteLevel>
            <com:StartDate>2013-08-27-04:00</com:StartDate>
        </stdsite:ClinicalPersonnel>
        <stdsite:ClinicalPersonnel>
            <com:PersonnelID>300669C@CA</com:PersonnelID>
            <com:Forename>Stephani</com:Forename>
            <com:Surname>Bradley</com:Surname>
            <com:Address>
                <com:AddressLines>
                    <com:Line>X</com:Line>
                </com:AddressLines>
                <com:Country>TBD</com:Country>
            </com:Address>
            <com:ContactInfo>
                <com:EmailAddress>Not provided</com:EmailAddress>
            </com:ContactInfo>
            <com:RoleAtSiteLevel codeListId="clinadmin.occupation" codeListVersion="2013.12.13" assigningAuthority="" codeDescription="Sub-Investigator">SINV</com:RoleAtSiteLevel>
            <com:StartDate>2012-02-09-05:00</com:StartDate>
        </stdsite:ClinicalPersonnel>
        <stdsite:ClinicalPersonnel>
            <com:PersonnelID>SMITHMO1</com:PersonnelID>
            <com:Forename>Molly</com:Forename>
            <com:Surname>Smith</com:Surname>
            <com:Address>
                <com:AddressLines>
                    <com:Line>No Set Location
No Set Loc</com:Line>
                </com:AddressLines>
                <com:Country>USA</com:Country>
            </com:Address>
            <com:ContactInfo>
                <com:EmailAddress>molly.smith@novartis.com</com:EmailAddress>
                <com:PhoneNumber>+1 713 723 6214/c.832 228 2910</com:PhoneNumber>
                <com:FaxNumber>+1 713 723 6251</com:FaxNumber>
            </com:ContactInfo>
            <com:RoleAtSiteLevel codeListId="clinadmin.occupation" codeListVersion="2013.12.13" assigningAuthority="" codeDescription="Primary Monitor">PMN</com:RoleAtSiteLevel>
            <com:StartDate>2012-08-30-04:00</com:StartDate>
            <com:EndDate>2013-08-27-04:00</com:EndDate>
        </stdsite:ClinicalPersonnel>
        <stdsite:PrimaryCenter>
            <com:CenterName>R/D Clinical Research, Inc.</com:CenterName>
            <com:Address>
                <com:AddressLines>
                    <com:Line>461 This Way&#xD;
P.O. Drawer B&#xD;
</com:Line>
                </com:AddressLines>
                <com:City>Lake Jackson</com:City>
                <com:PostalCode>77566</com:PostalCode>
                <com:Country>TBD</com:Country>
            </com:Address>
            <com:ContactInfo>
                <com:PhoneNumber>+1 979 297 3535</com:PhoneNumber>
                <com:FaxNumber>+1 979 297 1497</com:FaxNumber>
            </com:ContactInfo>
        </stdsite:PrimaryCenter>
        <stdsite:StudySiteEventDates>
            <stdsite:PlannedFPFV>2011-09-16-04:00</stdsite:PlannedFPFV>
            <stdsite:PlannedFPFT>2011-10-03-04:00</stdsite:PlannedFPFT>
            <stdsite:PlannedLPFT>2014-07-30-04:00</stdsite:PlannedLPFT>
            <stdsite:PlannedLPLT>2016-05-02-04:00</stdsite:PlannedLPLT>
            <stdsite:PlannedLPLV>2016-07-25-04:00</stdsite:PlannedLPLV>
            <stdsite:ActualFPFV>2011-09-16-04:00</stdsite:ActualFPFV>
            <stdsite:ActualFPFT>2011-10-03-04:00</stdsite:ActualFPFT>
        </stdsite:StudySiteEventDates>
        <stdsite:StudySiteLocation>
            <stdsite:LocationAddress>
                <com:AddressLines>
                    <com:Line>461 This Way Street&#xD;
&#xD;
</com:Line>
                </com:AddressLines>
                <com:City>Lake Jackson</com:City>
                <com:PostalCode>77566</com:PostalCode>
                <com:Country>USA</com:Country>
            </stdsite:LocationAddress>
            <stdsite:LocationContactInfo/>
            <stdsite:CenterType codeListId="" codeListVersion="" assigningAuthority="" codeDescription=""></stdsite:CenterType>
            <stdsite:Purpose codeListId="clinadmin.location_purpose" codeListVersion="2013.12.13" codeDescription="Patient Treatment">PAT</stdsite:Purpose>
            <stdsite:Comments></stdsite:Comments>
            <stdsite:StatusDescription>Active</stdsite:StatusDescription>
        </stdsite:StudySiteLocation>
    </stdsite:StudySite>
</stdsite:StudySiteMessage>
