<?xml version="1.0" encoding="UTF-8" standalone="yes"?>
<stdcntry:StudyCountryMessage xmlns:com="http://www.novartis.com/DI/D2P/Broker/Schemas/CommonTypes" xmlns:stdcntry="http://www.novartis.com/DI/D2P/Broker/Schemas/StudyCountry" xmlns:extract="http://www.novartis.com/DI/D2P/Broker/Schemas/Extraction" com:schemaVersion="1.0">
    <com:SystemMessageHeader>
        <com:CreationDateTime>2013-12-13T15:58:01.878Z</com:CreationDateTime>
        <com:SenderID>ClinAdmin</com:SenderID>
        <com:BusinessSystemID>ClinAdmin</com:BusinessSystemID>
        <com:MessageID>ClinAdmin</com:MessageID>
    </com:SystemMessageHeader>
    <stdcntry:StudyCountry>
        <stdcntry:StudyCodeNCC>SPP100F_2301</stdcntry:StudyCodeNCC>
        <stdcntry:StudyCodeAlias>CSPP100F2301</stdcntry:StudyCodeAlias>
        <stdcntry:StudyIRTVendor> </stdcntry:StudyIRTVendor>
        <stdcntry:StudyIRTUsage>TBD</stdcntry:StudyIRTUsage>
        <stdcntry:StudyCountryDetails>
            <stdcntry:Country codeListId="clinadmin.country" codeListVersion="2013.12.13" assigningAuthority="" codeDescription="Costa Rica">CRI</stdcntry:Country>
            <stdcntry:CountryStatus codeListId="clinadmin.esb_simple_codes.study_country_status" codeListVersion="1.0" assigningAuthority="" codeDescription="Active">ACT</stdcntry:CountryStatus>
            <stdcntry:CommittedRecruitmentNumber>20</stdcntry:CommittedRecruitmentNumber>
            <stdcntry:AdjustedRecruitmentNumber>20</stdcntry:AdjustedRecruitmentNumber>
            <stdcntry:NumberOfSitesSetUp>5</stdcntry:NumberOfSitesSetUp>
            <stdcntry:NumberOfSitesPlanned>5</stdcntry:NumberOfSitesPlanned>
        </stdcntry:StudyCountryDetails>
        <stdcntry:Personnel>
            <com:PersonnelID>PLANCFL1</com:PersonnelID>
            <com:Forename>Florent</com:Forename>
            <com:Surname>Planche</com:Surname>
            <com:Address>
                <com:AddressLines/>
                <com:Country>TBD</com:Country>
            </com:Address>
            <com:ContactInfo/>
            <com:RoleAtCountryLevel codeListId="clinadmin.occupation" codeListVersion="2013.12.13" assigningAuthority="" codeDescription="Planner of Clin Ops">CPA</com:RoleAtCountryLevel>
            <com:StartDate>2010-07-26-04:00</com:StartDate>
            <com:EndDate>2010-10-01-04:00</com:EndDate>
        </stdcntry:Personnel>
        <stdcntry:Personnel>
            <com:PersonnelID>SANDOKA2</com:PersonnelID>
            <com:Forename>Katherine</com:Forename>
            <com:Surname>Sandoval</com:Surname>
            <com:Address>
                <com:AddressLines/>
                <com:Country>TBD</com:Country>
            </com:Address>
            <com:ContactInfo/>
            <com:RoleAtCountryLevel codeListId="clinadmin.occupation" codeListVersion="2013.12.13" assigningAuthority="" codeDescription="Field Monitor">MON</com:RoleAtCountryLevel>
            <com:StartDate>2009-08-10-04:00</com:StartDate>
        </stdcntry:Personnel>
        <stdcntry:Personnel>
            <com:PersonnelID>BIEDEST2</com:PersonnelID>
            <com:Forename>Stefan</com:Forename>
            <com:Surname>Biedert</com:Surname>
            <com:Address>
                <com:AddressLines>
                    <com:Line>Novartis Pharma AG
Forum 1
Novartis Campus
CH-4056 Basel</com:Line>
                </com:AddressLines>
                <com:Country>CHE</com:Country>
            </com:Address>
            <com:ContactInfo>
                <com:EmailAddress>stefan.biedert@novartis.com</com:EmailAddress>
                <com:PhoneNumber>+41 61 6965640</com:PhoneNumber>
                <com:FaxNumber>+41 61 3245353</com:FaxNumber>
            </com:ContactInfo>
            <com:RoleAtCountryLevel codeListId="clinadmin.occupation" codeListVersion="2013.12.13" assigningAuthority="" codeDescription="CPO Trial Administrator">TPA</com:RoleAtCountryLevel>
            <com:StartDate>2010-10-11-04:00</com:StartDate>
        </stdcntry:Personnel>
        <stdcntry:Personnel>
            <com:PersonnelID>VENEGAN1</com:PersonnelID>
            <com:Forename>Andrea</com:Forename>
            <com:Surname>Venegas</com:Surname>
            <com:Address>
                <com:AddressLines/>
                <com:Country>TBD</com:Country>
            </com:Address>
            <com:ContactInfo/>
            <com:RoleAtCountryLevel codeListId="clinadmin.occupation" codeListVersion="2013.12.13" assigningAuthority="" codeDescription="Primary Monitor">PMN</com:RoleAtCountryLevel>
            <com:StartDate>2009-06-17-04:00</com:StartDate>
        </stdcntry:Personnel>
        <stdcntry:Personnel>
            <com:PersonnelID>CASTIVI1</com:PersonnelID>
            <com:Forename>Vivienne</com:Forename>
            <com:Middlename>Carduz</com:Middlename>
            <com:Surname>Castilho</com:Surname>
            <com:Address>
                <com:AddressLines>
                    <com:Line>Novartis Biociencias S.A.
Professor Vicente Rao Avenue</com:Line>
                    <com:Line> 90
Brooklin Paulista
BR-04636-000 Sao Paulo SP</com:Line>
                </com:AddressLines>
                <com:Country>BRA</com:Country>
            </com:Address>
            <com:ContactInfo>
                <com:EmailAddress>vivienne.castilho@novartis.com</com:EmailAddress>
                <com:PhoneNumber>+55 11 5532-7513</com:PhoneNumber>
                <com:FaxNumber>+55 11 55324303</com:FaxNumber>
                <com:SecondaryEmailAddress>vivienne.castilho@novartis.com</com:SecondaryEmailAddress>
                <com:SecondaryPhoneNumber>+55 11 55324058/c.11 9271 9536</com:SecondaryPhoneNumber>
                <com:SecondaryFaxNumber>+55 11 55327950</com:SecondaryFaxNumber>
            </com:ContactInfo>
            <com:RoleAtCountryLevel codeListId="clinadmin.occupation" codeListVersion="2013.12.13" assigningAuthority="" codeDescription="CPO Trial Administrator">TPA</com:RoleAtCountryLevel>
            <com:StartDate>2012-02-03-05:00</com:StartDate>
            <com:EndDate>2013-03-19-04:00</com:EndDate>
        </stdcntry:Personnel>
        <stdcntry:Personnel>
            <com:PersonnelID>FLOREMA2</com:PersonnelID>
            <com:Forename>Marta</com:Forename>
            <com:Surname>Flores</com:Surname>
            <com:Address>
                <com:AddressLines>
                    <com:Line>Novartis Farmaceutica</com:Line>
                    <com:Line> S.A. (AC)
Anillo Periferico 30-31
Zona 11
01011 Ciudad de Guatemala</com:Line>
                </com:AddressLines>
                <com:Country>GTM</com:Country>
            </com:Address>
            <com:ContactInfo>
                <com:EmailAddress>marta.flores@novartis.com</com:EmailAddress>
                <com:PhoneNumber>+502  24228400</com:PhoneNumber>
                <com:FaxNumber>+502  24228610</com:FaxNumber>
            </com:ContactInfo>
            <com:RoleAtCountryLevel codeListId="clinadmin.occupation" codeListVersion="2013.12.13" assigningAuthority="" codeDescription="ICRO Coordinator">CIC</com:RoleAtCountryLevel>
            <com:StartDate>2010-09-02-04:00</com:StartDate>
        </stdcntry:Personnel>
        <stdcntry:Personnel>
            <com:PersonnelID>HANWO3</com:PersonnelID>
            <com:Forename>Woori</com:Forename>
            <com:Surname>Han</com:Surname>
            <com:Address>
                <com:AddressLines>
                    <com:Line>Novartis Korea Ltd.
18fl. Yonsei Jaedan Severance Bldg.
84-11</com:Line>
                    <com:Line> Namdaemunro 5-ga
Joong-gu
Seoul 100-753</com:Line>
                </com:AddressLines>
                <com:Country>KOR</com:Country>
            </com:Address>
            <com:ContactInfo>
                <com:PhoneNumber>+82 2 7689106</com:PhoneNumber>
                <com:FaxNumber>+82 2 7851939</com:FaxNumber>
            </com:ContactInfo>
            <com:RoleAtCountryLevel codeListId="clinadmin.occupation" codeListVersion="2013.12.13" assigningAuthority="" codeDescription="CPO Trial Administrator">TPA</com:RoleAtCountryLevel>
            <com:StartDate>2010-04-05-04:00</com:StartDate>
        </stdcntry:Personnel>
        <stdcntry:Personnel>
            <com:PersonnelID>SMITHVE2</com:PersonnelID>
            <com:Forename>Verlisa</com:Forename>
            <com:Surname>Smith-Boesch</com:Surname>
            <com:Address>
                <com:AddressLines>
                    <com:Line>Novartis Pharma Services AG
Werk St. Johann
Forum 1
Novartis Campus
Forum 2
CH-4056 Basel</com:Line>
                </com:AddressLines>
                <com:Country>CHE</com:Country>
            </com:Address>
            <com:ContactInfo>
                <com:EmailAddress>verlisa.smith-boesch@novartis.com</com:EmailAddress>
                <com:PhoneNumber>+41 61 6965596</com:PhoneNumber>
                <com:FaxNumber>+41 61 3245353</com:FaxNumber>
            </com:ContactInfo>
            <com:RoleAtCountryLevel codeListId="clinadmin.occupation" codeListVersion="2013.12.13" assigningAuthority="" codeDescription="CPO Trial Administrator">TPA</com:RoleAtCountryLevel>
            <com:StartDate>2010-10-11-04:00</com:StartDate>
        </stdcntry:Personnel>
        <stdcntry:Personnel>
            <com:PersonnelID>KANGJI2</com:PersonnelID>
            <com:Forename>Jiyeon</com:Forename>
            <com:Surname>Kang</com:Surname>
            <com:Address>
                <com:AddressLines>
                    <com:Line>Novartis Korea Ltd.
18fl. Yonsei Jaedan Severance Bldg.
84-11</com:Line>
                    <com:Line> Namdaemunro 5-ga
Joong-gu
Seoul 100-753</com:Line>
                </com:AddressLines>
                <com:Country>KOR</com:Country>
            </com:Address>
            <com:ContactInfo>
                <com:EmailAddress>jiyeon.kang@novartis.com</com:EmailAddress>
                <com:PhoneNumber>+82 2 7689154</com:PhoneNumber>
                <com:FaxNumber>+82 2 7851939</com:FaxNumber>
            </com:ContactInfo>
            <com:RoleAtCountryLevel codeListId="clinadmin.occupation" codeListVersion="2013.12.13" assigningAuthority="" codeDescription="CPO Trial Administrator">TPA</com:RoleAtCountryLevel>
            <com:StartDate>2010-02-12-05:00</com:StartDate>
        </stdcntry:Personnel>
        <stdcntry:Personnel>
            <com:PersonnelID>MOITAPA1</com:PersonnelID>
            <com:Forename>Paula</com:Forename>
            <com:Surname>Moita</com:Surname>
            <com:Address>
                <com:AddressLines>
                    <com:Line>Novartis Pharma AG
Forum 1
Novartis Campus
CH-4056 Basel</com:Line>
                </com:AddressLines>
                <com:Country>CHE</com:Country>
            </com:Address>
            <com:ContactInfo>
                <com:EmailAddress>paula.moita@novartis.com</com:EmailAddress>
                <com:FaxNumber>+41 61 3248001</com:FaxNumber>
            </com:ContactInfo>
            <com:RoleAtCountryLevel codeListId="clinadmin.occupation" codeListVersion="2013.12.13" assigningAuthority="" codeDescription="Primary Planner of Clin Ops">CPP</com:RoleAtCountryLevel>
            <com:StartDate>2013-11-29-05:00</com:StartDate>
            <com:EndDate>2013-12-05-05:00</com:EndDate>
        </stdcntry:Personnel>
        <stdcntry:Personnel>
            <com:PersonnelID>VALENSA1</com:PersonnelID>
            <com:Forename>Santiago</com:Forename>
            <com:Surname>Valent</com:Surname>
            <com:Address>
                <com:AddressLines>
                    <com:Line>Novartis Argentina S.A.
Ramallo 1851
1429 Buenos Aires</com:Line>
                </com:AddressLines>
                <com:Country>ARG</com:Country>
            </com:Address>
            <com:ContactInfo>
                <com:EmailAddress>santiago.valent@novartis.com</com:EmailAddress>
                <com:PhoneNumber>+54 11 541147037348</com:PhoneNumber>
                <com:FaxNumber>+54 11 47037041</com:FaxNumber>
            </com:ContactInfo>
            <com:RoleAtCountryLevel codeListId="clinadmin.occupation" codeListVersion="2013.12.13" assigningAuthority="" codeDescription="CPO Trial Administrator">TPA</com:RoleAtCountryLevel>
            <com:StartDate>2010-07-21-04:00</com:StartDate>
        </stdcntry:Personnel>
        <stdcntry:Personnel>
            <com:PersonnelID>SCHOUCA2</com:PersonnelID>
            <com:Forename>Carolina</com:Forename>
            <com:Surname>Schoua</com:Surname>
            <com:Address>
                <com:AddressLines>
                    <com:Line>Novartis Farmaceutica</com:Line>
                    <com:Line> S.A. (AC)
Anillo Periferico 30-31
Zona 11
01011 Ciudad de Guatemala</com:Line>
                </com:AddressLines>
                <com:Country>GTM</com:Country>
            </com:Address>
            <com:ContactInfo>
                <com:EmailAddress>carolina.schoua@novartis.com</com:EmailAddress>
                <com:PhoneNumber>+502  24228400</com:PhoneNumber>
                <com:FaxNumber>+502  24228401</com:FaxNumber>
                <com:SecondaryPhoneNumber>+502 473 7334</com:SecondaryPhoneNumber>
            </com:ContactInfo>
            <com:RoleAtCountryLevel codeListId="clinadmin.occupation" codeListVersion="2013.12.13" assigningAuthority="" codeDescription="ICRO Coordinator">CIC</com:RoleAtCountryLevel>
            <com:StartDate>2008-10-06-04:00</com:StartDate>
            <com:EndDate>2009-10-19-04:00</com:EndDate>
        </stdcntry:Personnel>
        <stdcntry:Personnel>
            <com:PersonnelID>DEPERMA1</com:PersonnelID>
            <com:Forename>Maxence</com:Forename>
            <com:Surname>Deperrois</com:Surname>
            <com:Address>
                <com:AddressLines>
                    <com:Line>Novartis Pharma AG
Forum 1
Novartis Campus
CH-4056 Basel</com:Line>
                </com:AddressLines>
                <com:Country>CHE</com:Country>
            </com:Address>
            <com:ContactInfo>
                <com:EmailAddress>maxence.deperrois@novartis.com</com:EmailAddress>
                <com:PhoneNumber>+41 61 3242595</com:PhoneNumber>
                <com:FaxNumber>+41 61 3245888</com:FaxNumber>
            </com:ContactInfo>
            <com:RoleAtCountryLevel codeListId="clinadmin.occupation" codeListVersion="2013.12.13" assigningAuthority="" codeDescription="CPO Trial Administrator">TPA</com:RoleAtCountryLevel>
            <com:StartDate>2012-01-01-05:00</com:StartDate>
        </stdcntry:Personnel>
        <stdcntry:Personnel>
            <com:PersonnelID>KOREAJ1</com:PersonnelID>
            <com:Forename>Ajit U</com:Forename>
            <com:Surname>Kore</com:Surname>
            <com:Address>
                <com:AddressLines>
                    <com:Line>Novartis Healthcare Pvt. Ltd.
Building # 6
Raheja Mind Space</com:Line>
                    <com:Line> Hitech City
Madhapur / Hyderabad</com:Line>
                    <com:Line> Rangareddy 500 08</com:Line>
                </com:AddressLines>
                <com:Country>IND</com:Country>
            </com:Address>
            <com:ContactInfo>
                <com:EmailAddress>ajit_u.kore@novartis.com</com:EmailAddress>
                <com:PhoneNumber>+91 40 67671000</com:PhoneNumber>
                <com:FaxNumber>+91 40 67686951</com:FaxNumber>
            </com:ContactInfo>
            <com:RoleAtCountryLevel codeListId="clinadmin.occupation" codeListVersion="2013.12.13" assigningAuthority="" codeDescription="Central Field Monitor">CFM</com:RoleAtCountryLevel>
            <com:StartDate>2013-11-29-05:00</com:StartDate>
        </stdcntry:Personnel>
        <stdcntry:Personnel>
            <com:PersonnelID>MORANIV1</com:PersonnelID>
            <com:Forename>Ivonne</com:Forename>
            <com:Surname>Moran</com:Surname>
            <com:Address>
                <com:AddressLines>
                    <com:Line>Novartis Farmaceutica</com:Line>
                    <com:Line> S.A. (AC)
Anillo Periferico 30-31
Zona 11
01011 Ciudad de Guatemala</com:Line>
                </com:AddressLines>
                <com:Country>GTM</com:Country>
            </com:Address>
            <com:ContactInfo>
                <com:EmailAddress>ivonne.moran@novartis.com</com:EmailAddress>
                <com:PhoneNumber>+502  24228400</com:PhoneNumber>
                <com:FaxNumber>+502  24228401</com:FaxNumber>
            </com:ContactInfo>
            <com:RoleAtCountryLevel codeListId="clinadmin.occupation" codeListVersion="2013.12.13" assigningAuthority="" codeDescription="CPO Trial Administrator">TPA</com:RoleAtCountryLevel>
            <com:StartDate>2008-10-06-04:00</com:StartDate>
            <com:EndDate>2009-09-08-04:00</com:EndDate>
        </stdcntry:Personnel>
        <stdcntry:Personnel>
            <com:PersonnelID>GFELLMI1</com:PersonnelID>
            <com:Forename>Mirjam</com:Forename>
            <com:Surname>Gfeller</com:Surname>
            <com:Address>
                <com:AddressLines/>
                <com:Country>TBD</com:Country>
            </com:Address>
            <com:ContactInfo/>
            <com:RoleAtCountryLevel codeListId="clinadmin.occupation" codeListVersion="2013.12.13" assigningAuthority="" codeDescription="CPO Trial Administrator">TPA</com:RoleAtCountryLevel>
            <com:StartDate>2010-01-01-05:00</com:StartDate>
            <com:EndDate>2013-03-08-05:00</com:EndDate>
        </stdcntry:Personnel>
        <stdcntry:Personnel>
            <com:PersonnelID>LEEYUD</com:PersonnelID>
            <com:Forename>Yura</com:Forename>
            <com:Surname>Lee</com:Surname>
            <com:Address>
                <com:AddressLines>
                    <com:Line>Novartis Korea Ltd.
18fl. Yonsei Jaedan Severance Bldg.
84-11</com:Line>
                    <com:Line> Namdaemunro 5-ga
Joong-gu
Seoul 100-753</com:Line>
                </com:AddressLines>
                <com:Country>KOR</com:Country>
            </com:Address>
            <com:ContactInfo>
                <com:EmailAddress>yura.lee@novartis.com</com:EmailAddress>
                <com:PhoneNumber>+82 2 7689483</com:PhoneNumber>
                <com:FaxNumber>+82 2 7851939</com:FaxNumber>
            </com:ContactInfo>
            <com:RoleAtCountryLevel codeListId="clinadmin.occupation" codeListVersion="2013.12.13" assigningAuthority="" codeDescription="CPO Trial Administrator">TPA</com:RoleAtCountryLevel>
            <com:StartDate>2013-03-21-04:00</com:StartDate>
            <com:EndDate>2013-11-14-05:00</com:EndDate>
        </stdcntry:Personnel>
        <stdcntry:Personnel>
            <com:PersonnelID>ACUNAHU1</com:PersonnelID>
            <com:Forename>Hugo</com:Forename>
            <com:Surname>Acuna</com:Surname>
            <com:Address>
                <com:AddressLines>
                    <com:Line>Novartis Farmaceutica</com:Line>
                    <com:Line> S.A. (AC)
Anillo Periferico 30-31
Zona 11
01011 Ciudad de Guatemala</com:Line>
                </com:AddressLines>
                <com:Country>GTM</com:Country>
            </com:Address>
            <com:ContactInfo>
                <com:EmailAddress>hugo.acuna@novartis.com</com:EmailAddress>
                <com:PhoneNumber>+502  24228400</com:PhoneNumber>
                <com:FaxNumber>+502  24228401</com:FaxNumber>
            </com:ContactInfo>
            <com:RoleAtCountryLevel codeListId="clinadmin.occupation" codeListVersion="2013.12.13" assigningAuthority="" codeDescription="CPO Trial Administrator">TPA</com:RoleAtCountryLevel>
            <com:StartDate>2010-09-02-04:00</com:StartDate>
        </stdcntry:Personnel>
        <stdcntry:StudyCountryEventDates>
            <stdcntry:PlannedHASubmission>2009-02-20-05:00</stdcntry:PlannedHASubmission>
            <stdcntry:PlannedHAApproval>2009-08-31-04:00</stdcntry:PlannedHAApproval>
            <stdcntry:PlannedFPFV>2009-12-09-05:00</stdcntry:PlannedFPFV>
            <stdcntry:PlannedFPFT>2010-01-05-05:00</stdcntry:PlannedFPFT>
            <stdcntry:PlannedLPFT>2014-01-22-05:00</stdcntry:PlannedLPFT>
            <stdcntry:PlannedLPLT>2015-11-28-05:00</stdcntry:PlannedLPLT>
            <stdcntry:PlannedLPLV>2015-11-28-05:00</stdcntry:PlannedLPLV>
            <stdcntry:ActualHASubmission>2009-02-20-05:00</stdcntry:ActualHASubmission>
            <stdcntry:ActualHAApproval>2009-08-31-04:00</stdcntry:ActualHAApproval>
            <stdcntry:ActualFPFV>2009-12-09-05:00</stdcntry:ActualFPFV>
            <stdcntry:ActualFPFT>2010-01-05-05:00</stdcntry:ActualFPFT>
        </stdcntry:StudyCountryEventDates>
    </stdcntry:StudyCountry>
</stdcntry:StudyCountryMessage>
