<?xml version="1.0" encoding="UTF-8" standalone="yes"?>
<stdcntry:StudyCountryMessage xmlns:com="http://www.novartis.com/DI/D2P/Broker/Schemas/CommonTypes" xmlns:stdcntry="http://www.novartis.com/DI/D2P/Broker/Schemas/StudyCountry" xmlns:extract="http://www.novartis.com/DI/D2P/Broker/Schemas/Extraction" com:schemaVersion="1.0">
    <com:SystemMessageHeader>
        <com:CreationDateTime>2013-12-13T15:58:06.840Z</com:CreationDateTime>
        <com:SenderID>ClinAdmin</com:SenderID>
        <com:BusinessSystemID>ClinAdmin</com:BusinessSystemID>
        <com:MessageID>ClinAdmin</com:MessageID>
    </com:SystemMessageHeader>
    <stdcntry:StudyCountry>
        <stdcntry:StudyCodeNCC>SPP100F_2301</stdcntry:StudyCodeNCC>
        <stdcntry:StudyCodeAlias>CSPP100F2301</stdcntry:StudyCodeAlias>
        <stdcntry:StudyIRTVendor> </stdcntry:StudyIRTVendor>
        <stdcntry:StudyIRTUsage>TBD</stdcntry:StudyIRTUsage>
        <stdcntry:StudyCountryDetails>
            <stdcntry:Country codeListId="clinadmin.country" codeListVersion="2013.12.13" assigningAuthority="" codeDescription="Netherlands">NLD</stdcntry:Country>
            <stdcntry:CountryStatus codeListId="clinadmin.esb_simple_codes.study_country_status" codeListVersion="1.0" assigningAuthority="" codeDescription="Active">ACT</stdcntry:CountryStatus>
            <stdcntry:CommittedRecruitmentNumber>150</stdcntry:CommittedRecruitmentNumber>
            <stdcntry:AdjustedRecruitmentNumber>150</stdcntry:AdjustedRecruitmentNumber>
            <stdcntry:NumberOfSitesSetUp>21</stdcntry:NumberOfSitesSetUp>
            <stdcntry:NumberOfSitesPlanned>16</stdcntry:NumberOfSitesPlanned>
        </stdcntry:StudyCountryDetails>
        <stdcntry:Personnel>
            <com:PersonnelID>DEPERMA1</com:PersonnelID>
            <com:Forename>Maxence</com:Forename>
            <com:Surname>Deperrois</com:Surname>
            <com:Address>
                <com:AddressLines>
                    <com:Line>Novartis Pharma AG
Forum 1
Novartis Campus
CH-4056 Basel</com:Line>
                </com:AddressLines>
                <com:Country>CHE</com:Country>
            </com:Address>
            <com:ContactInfo>
                <com:EmailAddress>maxence.deperrois@novartis.com</com:EmailAddress>
                <com:PhoneNumber>+41 61 3242595</com:PhoneNumber>
                <com:FaxNumber>+41 61 3245888</com:FaxNumber>
            </com:ContactInfo>
            <com:RoleAtCountryLevel codeListId="clinadmin.occupation" codeListVersion="2013.12.13" assigningAuthority="" codeDescription="CPO Trial Administrator">TPA</com:RoleAtCountryLevel>
            <com:StartDate>2012-01-01-05:00</com:StartDate>
        </stdcntry:Personnel>
        <stdcntry:Personnel>
            <com:PersonnelID>KOREAJ1</com:PersonnelID>
            <com:Forename>Ajit U</com:Forename>
            <com:Surname>Kore</com:Surname>
            <com:Address>
                <com:AddressLines>
                    <com:Line>Novartis Healthcare Pvt. Ltd.
Building # 6
Raheja Mind Space</com:Line>
                    <com:Line> Hitech City
Madhapur / Hyderabad</com:Line>
                    <com:Line> Rangareddy 500 08</com:Line>
                </com:AddressLines>
                <com:Country>IND</com:Country>
            </com:Address>
            <com:ContactInfo>
                <com:EmailAddress>ajit_u.kore@novartis.com</com:EmailAddress>
                <com:PhoneNumber>+91 40 67671000</com:PhoneNumber>
                <com:FaxNumber>+91 40 67686951</com:FaxNumber>
            </com:ContactInfo>
            <com:RoleAtCountryLevel codeListId="clinadmin.occupation" codeListVersion="2013.12.13" assigningAuthority="" codeDescription="Central Field Monitor">CFM</com:RoleAtCountryLevel>
            <com:StartDate>2013-11-29-05:00</com:StartDate>
        </stdcntry:Personnel>
        <stdcntry:Personnel>
            <com:PersonnelID>PLANCFL1</com:PersonnelID>
            <com:Forename>Florent</com:Forename>
            <com:Surname>Planche</com:Surname>
            <com:Address>
                <com:AddressLines/>
                <com:Country>TBD</com:Country>
            </com:Address>
            <com:ContactInfo/>
            <com:RoleAtCountryLevel codeListId="clinadmin.occupation" codeListVersion="2013.12.13" assigningAuthority="" codeDescription="Planner of Clin Ops">CPA</com:RoleAtCountryLevel>
            <com:StartDate>2010-07-26-04:00</com:StartDate>
            <com:EndDate>2010-10-01-04:00</com:EndDate>
        </stdcntry:Personnel>
        <stdcntry:Personnel>
            <com:PersonnelID>BIEDEST2</com:PersonnelID>
            <com:Forename>Stefan</com:Forename>
            <com:Surname>Biedert</com:Surname>
            <com:Address>
                <com:AddressLines>
                    <com:Line>Novartis Pharma AG
Forum 1
Novartis Campus
CH-4056 Basel</com:Line>
                </com:AddressLines>
                <com:Country>CHE</com:Country>
            </com:Address>
            <com:ContactInfo>
                <com:EmailAddress>stefan.biedert@novartis.com</com:EmailAddress>
                <com:PhoneNumber>+41 61 6965640</com:PhoneNumber>
                <com:FaxNumber>+41 61 3245353</com:FaxNumber>
            </com:ContactInfo>
            <com:RoleAtCountryLevel codeListId="clinadmin.occupation" codeListVersion="2013.12.13" assigningAuthority="" codeDescription="CPO Trial Administrator">TPA</com:RoleAtCountryLevel>
            <com:StartDate>2010-10-11-04:00</com:StartDate>
        </stdcntry:Personnel>
        <stdcntry:Personnel>
            <com:PersonnelID>CASTIVI1</com:PersonnelID>
            <com:Forename>Vivienne</com:Forename>
            <com:Middlename>Carduz</com:Middlename>
            <com:Surname>Castilho</com:Surname>
            <com:Address>
                <com:AddressLines>
                    <com:Line>Novartis Biociencias S.A.
Professor Vicente Rao Avenue</com:Line>
                    <com:Line> 90
Brooklin Paulista
BR-04636-000 Sao Paulo SP</com:Line>
                </com:AddressLines>
                <com:Country>BRA</com:Country>
            </com:Address>
            <com:ContactInfo>
                <com:EmailAddress>vivienne.castilho@novartis.com</com:EmailAddress>
                <com:PhoneNumber>+55 11 5532-7513</com:PhoneNumber>
                <com:FaxNumber>+55 11 55324303</com:FaxNumber>
                <com:SecondaryEmailAddress>vivienne.castilho@novartis.com</com:SecondaryEmailAddress>
                <com:SecondaryPhoneNumber>+55 11 55324058/c.11 9271 9536</com:SecondaryPhoneNumber>
                <com:SecondaryFaxNumber>+55 11 55327950</com:SecondaryFaxNumber>
            </com:ContactInfo>
            <com:RoleAtCountryLevel codeListId="clinadmin.occupation" codeListVersion="2013.12.13" assigningAuthority="" codeDescription="CPO Trial Administrator">TPA</com:RoleAtCountryLevel>
            <com:StartDate>2012-02-03-05:00</com:StartDate>
            <com:EndDate>2013-03-19-04:00</com:EndDate>
        </stdcntry:Personnel>
        <stdcntry:Personnel>
            <com:PersonnelID>BROWNNI4</com:PersonnelID>
            <com:Forename>Nicole</com:Forename>
            <com:Surname>Brown</com:Surname>
            <com:Address>
                <com:AddressLines>
                    <com:Line>Novartis Pharma B.V.
Raapopseweg 1
NL-6824 DP Arnhem</com:Line>
                </com:AddressLines>
                <com:Country>NLD</com:Country>
            </com:Address>
            <com:ContactInfo>
                <com:EmailAddress>nicole.brown@novartis.com</com:EmailAddress>
                <com:PhoneNumber>+31 26 3782412</com:PhoneNumber>
                <com:FaxNumber>+31 26 3640567</com:FaxNumber>
                <com:SecondaryPhoneNumber>+31 26 3782412</com:SecondaryPhoneNumber>
                <com:SecondaryFaxNumber>+31 26 378 2461</com:SecondaryFaxNumber>
            </com:ContactInfo>
            <com:RoleAtCountryLevel codeListId="clinadmin.occupation" codeListVersion="2013.12.13" assigningAuthority="" codeDescription="CPO Trial Administrator">TPA</com:RoleAtCountryLevel>
            <com:StartDate>2008-11-10-05:00</com:StartDate>
        </stdcntry:Personnel>
        <stdcntry:Personnel>
            <com:PersonnelID>HANWO3</com:PersonnelID>
            <com:Forename>Woori</com:Forename>
            <com:Surname>Han</com:Surname>
            <com:Address>
                <com:AddressLines>
                    <com:Line>Novartis Korea Ltd.
18fl. Yonsei Jaedan Severance Bldg.
84-11</com:Line>
                    <com:Line> Namdaemunro 5-ga
Joong-gu
Seoul 100-753</com:Line>
                </com:AddressLines>
                <com:Country>KOR</com:Country>
            </com:Address>
            <com:ContactInfo>
                <com:PhoneNumber>+82 2 7689106</com:PhoneNumber>
                <com:FaxNumber>+82 2 7851939</com:FaxNumber>
            </com:ContactInfo>
            <com:RoleAtCountryLevel codeListId="clinadmin.occupation" codeListVersion="2013.12.13" assigningAuthority="" codeDescription="CPO Trial Administrator">TPA</com:RoleAtCountryLevel>
            <com:StartDate>2010-04-05-04:00</com:StartDate>
        </stdcntry:Personnel>
        <stdcntry:Personnel>
            <com:PersonnelID>SMITHVE2</com:PersonnelID>
            <com:Forename>Verlisa</com:Forename>
            <com:Surname>Smith-Boesch</com:Surname>
            <com:Address>
                <com:AddressLines>
                    <com:Line>Novartis Pharma Services AG
Werk St. Johann
Forum 1
Novartis Campus
Forum 2
CH-4056 Basel</com:Line>
                </com:AddressLines>
                <com:Country>CHE</com:Country>
            </com:Address>
            <com:ContactInfo>
                <com:EmailAddress>verlisa.smith-boesch@novartis.com</com:EmailAddress>
                <com:PhoneNumber>+41 61 6965596</com:PhoneNumber>
                <com:FaxNumber>+41 61 3245353</com:FaxNumber>
            </com:ContactInfo>
            <com:RoleAtCountryLevel codeListId="clinadmin.occupation" codeListVersion="2013.12.13" assigningAuthority="" codeDescription="CPO Trial Administrator">TPA</com:RoleAtCountryLevel>
            <com:StartDate>2010-10-11-04:00</com:StartDate>
        </stdcntry:Personnel>
        <stdcntry:Personnel>
            <com:PersonnelID>GFELLMI1</com:PersonnelID>
            <com:Forename>Mirjam</com:Forename>
            <com:Surname>Gfeller</com:Surname>
            <com:Address>
                <com:AddressLines/>
                <com:Country>TBD</com:Country>
            </com:Address>
            <com:ContactInfo/>
            <com:RoleAtCountryLevel codeListId="clinadmin.occupation" codeListVersion="2013.12.13" assigningAuthority="" codeDescription="CPO Trial Administrator">TPA</com:RoleAtCountryLevel>
            <com:StartDate>2010-01-01-05:00</com:StartDate>
            <com:EndDate>2013-03-08-05:00</com:EndDate>
        </stdcntry:Personnel>
        <stdcntry:Personnel>
            <com:PersonnelID>KANGJI2</com:PersonnelID>
            <com:Forename>Jiyeon</com:Forename>
            <com:Surname>Kang</com:Surname>
            <com:Address>
                <com:AddressLines>
                    <com:Line>Novartis Korea Ltd.
18fl. Yonsei Jaedan Severance Bldg.
84-11</com:Line>
                    <com:Line> Namdaemunro 5-ga
Joong-gu
Seoul 100-753</com:Line>
                </com:AddressLines>
                <com:Country>KOR</com:Country>
            </com:Address>
            <com:ContactInfo>
                <com:EmailAddress>jiyeon.kang@novartis.com</com:EmailAddress>
                <com:PhoneNumber>+82 2 7689154</com:PhoneNumber>
                <com:FaxNumber>+82 2 7851939</com:FaxNumber>
            </com:ContactInfo>
            <com:RoleAtCountryLevel codeListId="clinadmin.occupation" codeListVersion="2013.12.13" assigningAuthority="" codeDescription="CPO Trial Administrator">TPA</com:RoleAtCountryLevel>
            <com:StartDate>2010-02-12-05:00</com:StartDate>
        </stdcntry:Personnel>
        <stdcntry:Personnel>
            <com:PersonnelID>MOITAPA1</com:PersonnelID>
            <com:Forename>Paula</com:Forename>
            <com:Surname>Moita</com:Surname>
            <com:Address>
                <com:AddressLines>
                    <com:Line>Novartis Pharma AG
Forum 1
Novartis Campus
CH-4056 Basel</com:Line>
                </com:AddressLines>
                <com:Country>CHE</com:Country>
            </com:Address>
            <com:ContactInfo>
                <com:EmailAddress>paula.moita@novartis.com</com:EmailAddress>
                <com:FaxNumber>+41 61 3248001</com:FaxNumber>
            </com:ContactInfo>
            <com:RoleAtCountryLevel codeListId="clinadmin.occupation" codeListVersion="2013.12.13" assigningAuthority="" codeDescription="Primary Planner of Clin Ops">CPP</com:RoleAtCountryLevel>
            <com:StartDate>2013-11-29-05:00</com:StartDate>
            <com:EndDate>2013-12-05-05:00</com:EndDate>
        </stdcntry:Personnel>
        <stdcntry:Personnel>
            <com:PersonnelID>LEEYUD</com:PersonnelID>
            <com:Forename>Yura</com:Forename>
            <com:Surname>Lee</com:Surname>
            <com:Address>
                <com:AddressLines>
                    <com:Line>Novartis Korea Ltd.
18fl. Yonsei Jaedan Severance Bldg.
84-11</com:Line>
                    <com:Line> Namdaemunro 5-ga
Joong-gu
Seoul 100-753</com:Line>
                </com:AddressLines>
                <com:Country>KOR</com:Country>
            </com:Address>
            <com:ContactInfo>
                <com:EmailAddress>yura.lee@novartis.com</com:EmailAddress>
                <com:PhoneNumber>+82 2 7689483</com:PhoneNumber>
                <com:FaxNumber>+82 2 7851939</com:FaxNumber>
            </com:ContactInfo>
            <com:RoleAtCountryLevel codeListId="clinadmin.occupation" codeListVersion="2013.12.13" assigningAuthority="" codeDescription="CPO Trial Administrator">TPA</com:RoleAtCountryLevel>
            <com:StartDate>2013-03-21-04:00</com:StartDate>
            <com:EndDate>2013-11-14-05:00</com:EndDate>
        </stdcntry:Personnel>
        <stdcntry:StudyCountryEventDates>
            <stdcntry:PlannedHASubmission>2009-01-27-05:00</stdcntry:PlannedHASubmission>
            <stdcntry:PlannedHAApproval>2009-02-05-05:00</stdcntry:PlannedHAApproval>
            <stdcntry:PlannedFPFV>2009-07-29-04:00</stdcntry:PlannedFPFV>
            <stdcntry:PlannedFPFT>2009-10-01-04:00</stdcntry:PlannedFPFT>
            <stdcntry:PlannedLPFT>2011-03-31-04:00</stdcntry:PlannedLPFT>
            <stdcntry:PlannedLPLT>2013-03-20-04:00</stdcntry:PlannedLPLT>
            <stdcntry:PlannedLPLV>2013-03-20-04:00</stdcntry:PlannedLPLV>
            <stdcntry:ActualHASubmission>2009-01-27-05:00</stdcntry:ActualHASubmission>
            <stdcntry:ActualHAApproval>2009-02-05-05:00</stdcntry:ActualHAApproval>
            <stdcntry:ActualFPFV>2009-07-29-04:00</stdcntry:ActualFPFV>
            <stdcntry:ActualFPFT>2009-10-01-04:00</stdcntry:ActualFPFT>
            <stdcntry:PlannedCountryRISDate>2009-05-29-04:00</stdcntry:PlannedCountryRISDate>
            <stdcntry:ActualCountryRISDate>2009-05-29-04:00</stdcntry:ActualCountryRISDate>
        </stdcntry:StudyCountryEventDates>
    </stdcntry:StudyCountry>
</stdcntry:StudyCountryMessage>
