<?xml version="1.0" encoding="UTF-8" standalone="yes"?>
<stdsite:StudySiteMessage xmlns:com="http://www.novartis.com/DI/D2P/Broker/Schemas/CommonTypes" xmlns:stdsite="http://www.novartis.com/DI/D2P/Broker/Schemas/StudySite" xmlns:extract="http://www.novartis.com/DI/D2P/Broker/Schemas/Extraction" com:schemaVersion="1.0">
    <com:SystemMessageHeader>
        <com:CreationDateTime>2013-12-13T16:47:07.188Z</com:CreationDateTime>
        <com:SenderID>ClinAdmin</com:SenderID>
        <com:BusinessSystemID>ClinAdmin</com:BusinessSystemID>
        <com:MessageID>ClinAdmin</com:MessageID>
    </com:SystemMessageHeader>
    <stdsite:StudySite>
        <stdsite:StudyCodeNCC>ACZ885M_2301</stdsite:StudyCodeNCC>
        <stdsite:StudyCodeAlias>CACZ885M2301</stdsite:StudyCodeAlias>
        <stdsite:StudyIRTVendor> </stdsite:StudyIRTVendor>
        <stdsite:StudyIRTUsage>CSIRT1.02</stdsite:StudyIRTUsage>
        <stdsite:StudySiteDetails>
            <stdsite:StudyCountrySiteId>55</stdsite:StudyCountrySiteId>
            <stdsite:SiteID>137202-2</stdsite:SiteID>
            <stdsite:StudySiteID>1555</stdsite:StudySiteID>
            <stdsite:SiteName>TLC Research, LLC CACZ885M2301</stdsite:SiteName>
            <stdsite:Country codeListId="clinadmin.country" codeListVersion="2013.12.13" assigningAuthority="" codeDescription="United States">USA</stdsite:Country>
            <stdsite:OnHoldIndicator>false</stdsite:OnHoldIndicator>
            <stdsite:SiteStatus codeListId="clinadmin.esb_simple_codes.study_site_status" codeListVersion="1.0" assigningAuthority="" codeDescription="Active">ACT</stdsite:SiteStatus>
        </stdsite:StudySiteDetails>
        <stdsite:SiteShipmentAddress>
            <stdsite:SiteName>TLC Research, LLC CACZ885M2301</stdsite:SiteName>
            <stdsite:Address>
                <com:Country>TBD</com:Country>
            </stdsite:Address>
        </stdsite:SiteShipmentAddress>
        <stdsite:ClinicalPersonnel>
            <com:PersonnelID>JIMMILI1</com:PersonnelID>
            <com:Forename>Lisa</com:Forename>
            <com:Surname>Jimmink</com:Surname>
            <com:Address>
                <com:AddressLines>
                    <com:Line>Novartis Pharmaceuticals Corporation
One Health Plaza
East Hanover</com:Line>
                    <com:Line> NJ 07936-1080</com:Line>
                </com:AddressLines>
                <com:Country>USA</com:Country>
            </com:Address>
            <com:ContactInfo>
                <com:EmailAddress>lisa.jimmink@novartis.com</com:EmailAddress>
                <com:PhoneNumber>+1  8627787965</com:PhoneNumber>
                <com:FaxNumber>+1  9737816415</com:FaxNumber>
                <com:SecondaryPhoneNumber>+ 1862 7787965</com:SecondaryPhoneNumber>
            </com:ContactInfo>
            <com:RoleAtSiteLevel codeListId="clinadmin.occupation" codeListVersion="2013.12.13" assigningAuthority="" codeDescription="CPO Trial Administrator">TPA</com:RoleAtSiteLevel>
            <com:StartDate>2010-12-04-05:00</com:StartDate>
        </stdsite:ClinicalPersonnel>
        <stdsite:ClinicalPersonnel>
            <com:PersonnelID>MALERKI1</com:PersonnelID>
            <com:Forename>Kimberly</com:Forename>
            <com:Surname>Malerba</com:Surname>
            <com:Address>
                <com:AddressLines>
                    <com:Line>Novartis Pharmaceuticals Corporation
One Health Plaza
East Hanover</com:Line>
                    <com:Line> NJ 07936-1080</com:Line>
                </com:AddressLines>
                <com:Country>USA</com:Country>
            </com:Address>
            <com:ContactInfo>
                <com:EmailAddress>kimberly.malerba@novartis.com</com:EmailAddress>
                <com:PhoneNumber>+1  8627785883</com:PhoneNumber>
                <com:FaxNumber>+1  9737812287</com:FaxNumber>
            </com:ContactInfo>
            <com:RoleAtSiteLevel codeListId="clinadmin.occupation" codeListVersion="2013.12.13" assigningAuthority="" codeDescription="CPO Trial Administrator">TPA</com:RoleAtSiteLevel>
            <com:StartDate>2010-12-04-05:00</com:StartDate>
        </stdsite:ClinicalPersonnel>
        <stdsite:ClinicalPersonnel>
            <com:PersonnelID>NICHOJO3</com:PersonnelID>
            <com:Forename>Joshua</com:Forename>
            <com:Surname>Nichols</com:Surname>
            <com:Address>
                <com:AddressLines>
                    <com:Line>Novartis Pharmaceuticals Corporation
One Health Plaza
East Hanover</com:Line>
                    <com:Line> NJ 07936-1080</com:Line>
                </com:AddressLines>
                <com:Country>USA</com:Country>
            </com:Address>
            <com:ContactInfo>
                <com:EmailAddress>joshua.nichols@novartis.com</com:EmailAddress>
                <com:PhoneNumber>+1  8627787261</com:PhoneNumber>
                <com:FaxNumber>+1  9737818265</com:FaxNumber>
            </com:ContactInfo>
            <com:RoleAtSiteLevel codeListId="clinadmin.occupation" codeListVersion="2013.12.13" assigningAuthority="" codeDescription="CPO Trial Administrator">TPA</com:RoleAtSiteLevel>
            <com:StartDate>2010-12-04-05:00</com:StartDate>
        </stdsite:ClinicalPersonnel>
        <stdsite:ClinicalPersonnel>
            <com:PersonnelID>DEPERMA1</com:PersonnelID>
            <com:Forename>Maxence</com:Forename>
            <com:Surname>Deperrois</com:Surname>
            <com:Address>
                <com:AddressLines>
                    <com:Line>Novartis Pharma AG
Forum 1
Novartis Campus
CH-4056 Basel</com:Line>
                </com:AddressLines>
                <com:Country>CHE</com:Country>
            </com:Address>
            <com:ContactInfo>
                <com:EmailAddress>maxence.deperrois@novartis.com</com:EmailAddress>
                <com:PhoneNumber>+41 61 3242595</com:PhoneNumber>
                <com:FaxNumber>+41 61 3245888</com:FaxNumber>
            </com:ContactInfo>
            <com:RoleAtSiteLevel codeListId="clinadmin.occupation" codeListVersion="2013.12.13" assigningAuthority="" codeDescription="CPO Trial Administrator">TPA</com:RoleAtSiteLevel>
            <com:StartDate>2012-01-01-05:00</com:StartDate>
        </stdsite:ClinicalPersonnel>
        <stdsite:ClinicalPersonnel>
            <com:PersonnelID>GORDOST1</com:PersonnelID>
            <com:Forename>Stacy</com:Forename>
            <com:Surname>Rowe</com:Surname>
            <com:Address>
                <com:AddressLines>
                    <com:Line>No Set Location
No Set Loc</com:Line>
                </com:AddressLines>
                <com:Country>USA</com:Country>
            </com:Address>
            <com:ContactInfo>
                <com:EmailAddress>stacy.rowe@novartis.com</com:EmailAddress>
                <com:PhoneNumber>+1 870 696 3577/c.870 904-3177</com:PhoneNumber>
                <com:FaxNumber>+1 870 696 3552</com:FaxNumber>
            </com:ContactInfo>
            <com:RoleAtSiteLevel codeListId="clinadmin.occupation" codeListVersion="2013.12.13" assigningAuthority="" codeDescription="Primary Monitor">PMN</com:RoleAtSiteLevel>
            <com:StartDate>2010-11-08-05:00</com:StartDate>
        </stdsite:ClinicalPersonnel>
        <stdsite:ClinicalPersonnel>
            <com:PersonnelID>KHANABF</com:PersonnelID>
            <com:Forename>Abdul Salmaan</com:Forename>
            <com:Surname>Khan</com:Surname>
            <com:Address>
                <com:AddressLines>
                    <com:Line>Novartis Healthcare Pvt. Ltd.
Building # 6
Raheja Mind Space</com:Line>
                    <com:Line> Hitech City
Madhapur / Hyderabad</com:Line>
                    <com:Line> Rangareddy 500 08</com:Line>
                </com:AddressLines>
                <com:Country>IND</com:Country>
            </com:Address>
            <com:ContactInfo>
                <com:EmailAddress>abdul_salmaan.khan@novartis.com</com:EmailAddress>
                <com:PhoneNumber>+91 40 67671000</com:PhoneNumber>
                <com:FaxNumber>+91 40 67686951</com:FaxNumber>
            </com:ContactInfo>
            <com:RoleAtSiteLevel codeListId="clinadmin.occupation" codeListVersion="2013.12.13" assigningAuthority="" codeDescription="Central Field Monitor">CFM</com:RoleAtSiteLevel>
            <com:StartDate>2013-10-23-04:00</com:StartDate>
        </stdsite:ClinicalPersonnel>
        <stdsite:ClinicalPersonnel>
            <com:PersonnelID>HALARNA1</com:PersonnelID>
            <com:Forename>Nazlin</com:Forename>
            <com:Surname>Halari</com:Surname>
            <com:Address>
                <com:AddressLines>
                    <com:Line>Novartis Pharmaceuticals Corporation
One Health Plaza
East Hanover</com:Line>
                    <com:Line> NJ 07936-1080</com:Line>
                </com:AddressLines>
                <com:Country>USA</com:Country>
            </com:Address>
            <com:ContactInfo>
                <com:EmailAddress>nazlin.halari@novartis.com</com:EmailAddress>
                <com:PhoneNumber>+1  8627784922</com:PhoneNumber>
                <com:FaxNumber>+1  9737818265</com:FaxNumber>
            </com:ContactInfo>
            <com:RoleAtSiteLevel codeListId="clinadmin.occupation" codeListVersion="2013.12.13" assigningAuthority="" codeDescription="CPO Trial Administrator">TPA</com:RoleAtSiteLevel>
            <com:StartDate>2010-11-28-05:00</com:StartDate>
        </stdsite:ClinicalPersonnel>
        <stdsite:ClinicalPersonnel>
            <com:PersonnelID>332887C@CA</com:PersonnelID>
            <com:Forename>Cindy</com:Forename>
            <com:Surname>Gray</com:Surname>
            <com:Address>
                <com:AddressLines>
                    <com:Line>X</com:Line>
                </com:AddressLines>
                <com:Country>TBD</com:Country>
            </com:Address>
            <com:ContactInfo>
                <com:EmailAddress>*NOT GIVEN*</com:EmailAddress>
            </com:ContactInfo>
            <com:RoleAtSiteLevel codeListId="clinadmin.occupation" codeListVersion="2013.12.13" assigningAuthority="" codeDescription="Sub-Investigator">SINV</com:RoleAtSiteLevel>
            <com:StartDate>2013-05-29-04:00</com:StartDate>
        </stdsite:ClinicalPersonnel>
        <stdsite:ClinicalPersonnel>
            <com:PersonnelID>332886C@CA</com:PersonnelID>
            <com:Forename>Billie</com:Forename>
            <com:Surname>Williams</com:Surname>
            <com:Address>
                <com:AddressLines>
                    <com:Line>X</com:Line>
                </com:AddressLines>
                <com:Country>TBD</com:Country>
            </com:Address>
            <com:ContactInfo>
                <com:EmailAddress>*NOT GIVEN*</com:EmailAddress>
            </com:ContactInfo>
            <com:RoleAtSiteLevel codeListId="clinadmin.occupation" codeListVersion="2013.12.13" assigningAuthority="" codeDescription="Sub-Investigator">SINV</com:RoleAtSiteLevel>
            <com:StartDate>2013-05-29-04:00</com:StartDate>
        </stdsite:ClinicalPersonnel>
        <stdsite:ClinicalPersonnel>
            <com:PersonnelID>226811C@CA</com:PersonnelID>
            <com:Forename>Jonathan</com:Forename>
            <com:Surname>Arnold</com:Surname>
            <com:Address>
                <com:AddressLines>
                    <com:Line>X</com:Line>
                </com:AddressLines>
                <com:Country>TBD</com:Country>
            </com:Address>
            <com:ContactInfo>
                <com:EmailAddress>MADDYREE96@YAHOO.COM</com:EmailAddress>
            </com:ContactInfo>
            <com:RoleAtSiteLevel codeListId="clinadmin.occupation" codeListVersion="2013.12.13" assigningAuthority="" codeDescription="Sub-Investigator">SINV</com:RoleAtSiteLevel>
            <com:StartDate>2010-11-09-05:00</com:StartDate>
        </stdsite:ClinicalPersonnel>
        <stdsite:ClinicalPersonnel>
            <com:PersonnelID>275515C@CA</com:PersonnelID>
            <com:Forename>Thomas</com:Forename>
            <com:Surname>Colvin</com:Surname>
            <com:Address>
                <com:AddressLines>
                    <com:Line>X</com:Line>
                </com:AddressLines>
                <com:Country>TBD</com:Country>
            </com:Address>
            <com:ContactInfo>
                <com:EmailAddress>RESEARCH.TCOLVIN@GMAIL.COM</com:EmailAddress>
            </com:ContactInfo>
            <com:RoleAtSiteLevel codeListId="clinadmin.occupation" codeListVersion="2013.12.13" assigningAuthority="" codeDescription="Primary Investigator">PINV</com:RoleAtSiteLevel>
            <com:StartDate>2010-11-08-05:00</com:StartDate>
        </stdsite:ClinicalPersonnel>
        <stdsite:ClinicalPersonnel>
            <com:PersonnelID>HAMILRO2</com:PersonnelID>
            <com:Forename>Rosa</com:Forename>
            <com:Surname>Hamilton</com:Surname>
            <com:Address>
                <com:AddressLines>
                    <com:Line>Novartis Pharmaceuticals Corporation
One Health Plaza
East Hanover</com:Line>
                    <com:Line> NJ 07936-1080</com:Line>
                </com:AddressLines>
                <com:Country>USA</com:Country>
            </com:Address>
            <com:ContactInfo>
                <com:EmailAddress>rosa.hamilton@novartis.com</com:EmailAddress>
                <com:PhoneNumber>+1  8627786989</com:PhoneNumber>
                <com:FaxNumber>+1  9737818265</com:FaxNumber>
                <com:SecondaryPhoneNumber>+1 862 7786989</com:SecondaryPhoneNumber>
            </com:ContactInfo>
            <com:RoleAtSiteLevel codeListId="clinadmin.occupation" codeListVersion="2013.12.13" assigningAuthority="" codeDescription="CPO Trial Administrator">TPA</com:RoleAtSiteLevel>
            <com:StartDate>2010-11-08-05:00</com:StartDate>
        </stdsite:ClinicalPersonnel>
        <stdsite:ClinicalPersonnel>
            <com:PersonnelID>226811C@CA</com:PersonnelID>
            <com:Forename>Jonathan</com:Forename>
            <com:Surname>Arnold</com:Surname>
            <com:Address>
                <com:AddressLines>
                    <com:Line>X</com:Line>
                </com:AddressLines>
                <com:Country>TBD</com:Country>
            </com:Address>
            <com:ContactInfo>
                <com:EmailAddress>MADDYREE96@YAHOO.COM</com:EmailAddress>
            </com:ContactInfo>
            <com:RoleAtSiteLevel codeListId="clinadmin.occupation" codeListVersion="2013.12.13" assigningAuthority="" codeDescription="Primary Co-ordinator">PCO</com:RoleAtSiteLevel>
            <com:StartDate>2010-11-09-05:00</com:StartDate>
        </stdsite:ClinicalPersonnel>
        <stdsite:PrimaryCenter>
            <com:CenterName>TLC Research, LLC</com:CenterName>
            <com:Address>
                <com:AddressLines>
                    <com:Line>2106 -A Loop Road</com:Line>
                </com:AddressLines>
                <com:City>Winnsboro</com:City>
                <com:PostalCode>71295</com:PostalCode>
                <com:Country>TBD</com:Country>
            </com:Address>
            <com:ContactInfo>
                <com:PhoneNumber>+1 318 435 8020 ext 117</com:PhoneNumber>
                <com:FaxNumber>+ 318 435 5355</com:FaxNumber>
            </com:ContactInfo>
        </stdsite:PrimaryCenter>
        <stdsite:StudySiteEventDates>
            <stdsite:PlannedFPFV>2011-04-28-04:00</stdsite:PlannedFPFV>
            <stdsite:PlannedFPFT>2011-05-31-04:00</stdsite:PlannedFPFT>
            <stdsite:PlannedLPFT>2014-07-30-04:00</stdsite:PlannedLPFT>
            <stdsite:PlannedLPLT>2016-05-02-04:00</stdsite:PlannedLPLT>
            <stdsite:PlannedLPLV>2016-07-25-04:00</stdsite:PlannedLPLV>
            <stdsite:ActualFPFV>2011-04-28-04:00</stdsite:ActualFPFV>
            <stdsite:ActualFPFT>2011-05-31-04:00</stdsite:ActualFPFT>
        </stdsite:StudySiteEventDates>
        <stdsite:StudySiteLocation>
            <stdsite:LocationAddress>
                <com:AddressLines/>
                <com:Country>USA</com:Country>
            </stdsite:LocationAddress>
            <stdsite:LocationContactInfo>
                <com:PhoneNumber>+1 318 435 6363</com:PhoneNumber>
            </stdsite:LocationContactInfo>
            <stdsite:CenterType codeListId="" codeListVersion="" assigningAuthority="" codeDescription=""></stdsite:CenterType>
            <stdsite:Purpose codeListId="clinadmin.location_purpose" codeListVersion="2013.12.13" codeDescription="Patient Treatment">PAT</stdsite:Purpose>
            <stdsite:Comments></stdsite:Comments>
            <stdsite:StatusDescription>Active</stdsite:StatusDescription>
        </stdsite:StudySiteLocation>
    </stdsite:StudySite>
</stdsite:StudySiteMessage>
