<?xml version="1.0" encoding="UTF-8" standalone="yes"?>
<stdcntry:StudyCountryMessage xmlns:com="http://www.novartis.com/DI/D2P/Broker/Schemas/CommonTypes" xmlns:stdcntry="http://www.novartis.com/DI/D2P/Broker/Schemas/StudyCountry" xmlns:extract="http://www.novartis.com/DI/D2P/Broker/Schemas/Extraction" com:schemaVersion="1.0">
    <com:SystemMessageHeader>
        <com:CreationDateTime>2013-12-13T15:57:58.174Z</com:CreationDateTime>
        <com:SenderID>ClinAdmin</com:SenderID>
        <com:BusinessSystemID>ClinAdmin</com:BusinessSystemID>
        <com:MessageID>ClinAdmin</com:MessageID>
    </com:SystemMessageHeader>
    <stdcntry:StudyCountry>
        <stdcntry:StudyCodeNCC>SPP100F_2301</stdcntry:StudyCodeNCC>
        <stdcntry:StudyCodeAlias>CSPP100F2301</stdcntry:StudyCodeAlias>
        <stdcntry:StudyIRTVendor> </stdcntry:StudyIRTVendor>
        <stdcntry:StudyIRTUsage>TBD</stdcntry:StudyIRTUsage>
        <stdcntry:StudyCountryDetails>
            <stdcntry:Country codeListId="clinadmin.country" codeListVersion="2013.12.13" assigningAuthority="" codeDescription="Belgium">BEL</stdcntry:Country>
            <stdcntry:CountryStatus codeListId="clinadmin.esb_simple_codes.study_country_status" codeListVersion="1.0" assigningAuthority="" codeDescription="Active">ACT</stdcntry:CountryStatus>
            <stdcntry:CommittedRecruitmentNumber>72</stdcntry:CommittedRecruitmentNumber>
            <stdcntry:AdjustedRecruitmentNumber>72</stdcntry:AdjustedRecruitmentNumber>
            <stdcntry:NumberOfSitesSetUp>13</stdcntry:NumberOfSitesSetUp>
            <stdcntry:NumberOfSitesPlanned>15</stdcntry:NumberOfSitesPlanned>
        </stdcntry:StudyCountryDetails>
        <stdcntry:Personnel>
            <com:PersonnelID>DHARMSI1</com:PersonnelID>
            <com:Forename>Siddesh</com:Forename>
            <com:Surname>Dharmadhikari</com:Surname>
            <com:Address>
                <com:AddressLines>
                    <com:Line>Novartis Healthcare Pvt. Ltd.
Building # 6
Raheja Mind Space</com:Line>
                    <com:Line> Hitech City
Madhapur / Hyderabad</com:Line>
                    <com:Line> Rangareddy 500 08</com:Line>
                </com:AddressLines>
                <com:Country>IND</com:Country>
            </com:Address>
            <com:ContactInfo>
                <com:EmailAddress>siddhesh.dharmadhikari@novartis.com</com:EmailAddress>
                <com:PhoneNumber>+91 40 67671000</com:PhoneNumber>
                <com:FaxNumber>+91 40 67686951</com:FaxNumber>
            </com:ContactInfo>
            <com:RoleAtCountryLevel codeListId="clinadmin.occupation" codeListVersion="2013.12.13" assigningAuthority="" codeDescription="Central Field Monitor">CFM</com:RoleAtCountryLevel>
            <com:StartDate>2013-11-29-05:00</com:StartDate>
        </stdcntry:Personnel>
        <stdcntry:Personnel>
            <com:PersonnelID>VANTHRI1</com:PersonnelID>
            <com:Forename>Rita</com:Forename>
            <com:Surname>VanThurenhout</com:Surname>
            <com:Address>
                <com:AddressLines>
                    <com:Line>N.V. Novartis Pharma S.A.
Medialaan 40
B-1800 Vilvoorde</com:Line>
                </com:AddressLines>
                <com:Country>BEL</com:Country>
            </com:Address>
            <com:ContactInfo>
                <com:EmailAddress>rita.vanthurenhout@novartis.com</com:EmailAddress>
                <com:PhoneNumber>+32 2 2461610</com:PhoneNumber>
                <com:FaxNumber>+32 2 2461655</com:FaxNumber>
            </com:ContactInfo>
            <com:RoleAtCountryLevel codeListId="clinadmin.occupation" codeListVersion="2013.12.13" assigningAuthority="" codeDescription="Field Monitor">MON</com:RoleAtCountryLevel>
            <com:StartDate>2009-01-13-05:00</com:StartDate>
            <com:EndDate>2009-11-16-05:00</com:EndDate>
        </stdcntry:Personnel>
        <stdcntry:Personnel>
            <com:PersonnelID>CLAESVE1</com:PersonnelID>
            <com:Forename>Veronique</com:Forename>
            <com:Surname>Claes</com:Surname>
            <com:Address>
                <com:AddressLines>
                    <com:Line>N.V. Novartis Pharma S.A.
Medialaan 40
B-1800 Vilvoorde</com:Line>
                </com:AddressLines>
                <com:Country>BEL</com:Country>
            </com:Address>
            <com:ContactInfo>
                <com:EmailAddress>veronique.claes@novartis.com</com:EmailAddress>
                <com:PhoneNumber>+32 2 2461610</com:PhoneNumber>
                <com:FaxNumber>+32 2 2461655</com:FaxNumber>
            </com:ContactInfo>
            <com:RoleAtCountryLevel codeListId="clinadmin.occupation" codeListVersion="2013.12.13" assigningAuthority="" codeDescription="Field Monitor">MON</com:RoleAtCountryLevel>
            <com:StartDate>2010-09-03-04:00</com:StartDate>
            <com:EndDate>2013-12-10-05:00</com:EndDate>
        </stdcntry:Personnel>
        <stdcntry:Personnel>
            <com:PersonnelID>DEKEEKA1</com:PersonnelID>
            <com:Forename>Kathleen</com:Forename>
            <com:Surname>DeKeersmaecker</com:Surname>
            <com:Address>
                <com:AddressLines/>
                <com:Country>TBD</com:Country>
            </com:Address>
            <com:ContactInfo/>
            <com:RoleAtCountryLevel codeListId="clinadmin.occupation" codeListVersion="2013.12.13" assigningAuthority="" codeDescription="Field Monitor">MON</com:RoleAtCountryLevel>
            <com:StartDate>2010-11-29-05:00</com:StartDate>
            <com:EndDate>2013-12-10-05:00</com:EndDate>
        </stdcntry:Personnel>
        <stdcntry:Personnel>
            <com:PersonnelID>HEMELKA1</com:PersonnelID>
            <com:Forename>Katrien</com:Forename>
            <com:Surname>Hemelaers</com:Surname>
            <com:Address>
                <com:AddressLines/>
                <com:Country>TBD</com:Country>
            </com:Address>
            <com:ContactInfo/>
            <com:RoleAtCountryLevel codeListId="clinadmin.occupation" codeListVersion="2013.12.13" assigningAuthority="" codeDescription="CPO Trial Administrator">TPA</com:RoleAtCountryLevel>
            <com:StartDate>2010-09-16-04:00</com:StartDate>
            <com:EndDate>2013-12-10-05:00</com:EndDate>
        </stdcntry:Personnel>
        <stdcntry:Personnel>
            <com:PersonnelID>PLANCFL1</com:PersonnelID>
            <com:Forename>Florent</com:Forename>
            <com:Surname>Planche</com:Surname>
            <com:Address>
                <com:AddressLines/>
                <com:Country>TBD</com:Country>
            </com:Address>
            <com:ContactInfo/>
            <com:RoleAtCountryLevel codeListId="clinadmin.occupation" codeListVersion="2013.12.13" assigningAuthority="" codeDescription="Planner of Clin Ops">CPA</com:RoleAtCountryLevel>
            <com:StartDate>2010-07-26-04:00</com:StartDate>
            <com:EndDate>2010-10-01-04:00</com:EndDate>
        </stdcntry:Personnel>
        <stdcntry:Personnel>
            <com:PersonnelID>BAUWEGR1</com:PersonnelID>
            <com:Forename>Griet</com:Forename>
            <com:Surname>Bauwens</com:Surname>
            <com:Address>
                <com:AddressLines>
                    <com:Line>N.V. Novartis Pharma S.A.
Medialaan 40
B-1800 Vilvoorde</com:Line>
                </com:AddressLines>
                <com:Country>BEL</com:Country>
            </com:Address>
            <com:ContactInfo>
                <com:EmailAddress>griet.bauwens@novartis.com</com:EmailAddress>
                <com:PhoneNumber>+32 2 2461691</com:PhoneNumber>
                <com:FaxNumber>+32 2 2461655</com:FaxNumber>
                <com:SecondaryPhoneNumber>+32 2 2461611</com:SecondaryPhoneNumber>
                <com:SecondaryFaxNumber>+32 2 2423759</com:SecondaryFaxNumber>
            </com:ContactInfo>
            <com:RoleAtCountryLevel codeListId="clinadmin.occupation" codeListVersion="2013.12.13" assigningAuthority="" codeDescription="Regional CRA Manager">RCM</com:RoleAtCountryLevel>
            <com:StartDate>2009-01-13-05:00</com:StartDate>
            <com:EndDate>2013-12-10-05:00</com:EndDate>
        </stdcntry:Personnel>
        <stdcntry:Personnel>
            <com:PersonnelID>BIEDEST2</com:PersonnelID>
            <com:Forename>Stefan</com:Forename>
            <com:Surname>Biedert</com:Surname>
            <com:Address>
                <com:AddressLines>
                    <com:Line>Novartis Pharma AG
Forum 1
Novartis Campus
CH-4056 Basel</com:Line>
                </com:AddressLines>
                <com:Country>CHE</com:Country>
            </com:Address>
            <com:ContactInfo>
                <com:EmailAddress>stefan.biedert@novartis.com</com:EmailAddress>
                <com:PhoneNumber>+41 61 6965640</com:PhoneNumber>
                <com:FaxNumber>+41 61 3245353</com:FaxNumber>
            </com:ContactInfo>
            <com:RoleAtCountryLevel codeListId="clinadmin.occupation" codeListVersion="2013.12.13" assigningAuthority="" codeDescription="CPO Trial Administrator">TPA</com:RoleAtCountryLevel>
            <com:StartDate>2010-10-11-04:00</com:StartDate>
        </stdcntry:Personnel>
        <stdcntry:Personnel>
            <com:PersonnelID>LAMOTMU1</com:PersonnelID>
            <com:Forename>Muriel</com:Forename>
            <com:Surname>Lamot</com:Surname>
            <com:Address>
                <com:AddressLines/>
                <com:Country>TBD</com:Country>
            </com:Address>
            <com:ContactInfo/>
            <com:RoleAtCountryLevel codeListId="clinadmin.occupation" codeListVersion="2013.12.13" assigningAuthority="" codeDescription="Field Monitor">MON</com:RoleAtCountryLevel>
            <com:StartDate>2009-03-04-05:00</com:StartDate>
            <com:EndDate>2013-12-10-05:00</com:EndDate>
        </stdcntry:Personnel>
        <stdcntry:Personnel>
            <com:PersonnelID>CASTIVI1</com:PersonnelID>
            <com:Forename>Vivienne</com:Forename>
            <com:Middlename>Carduz</com:Middlename>
            <com:Surname>Castilho</com:Surname>
            <com:Address>
                <com:AddressLines>
                    <com:Line>Novartis Biociencias S.A.
Professor Vicente Rao Avenue</com:Line>
                    <com:Line> 90
Brooklin Paulista
BR-04636-000 Sao Paulo SP</com:Line>
                </com:AddressLines>
                <com:Country>BRA</com:Country>
            </com:Address>
            <com:ContactInfo>
                <com:EmailAddress>vivienne.castilho@novartis.com</com:EmailAddress>
                <com:PhoneNumber>+55 11 5532-7513</com:PhoneNumber>
                <com:FaxNumber>+55 11 55324303</com:FaxNumber>
                <com:SecondaryEmailAddress>vivienne.castilho@novartis.com</com:SecondaryEmailAddress>
                <com:SecondaryPhoneNumber>+55 11 55324058/c.11 9271 9536</com:SecondaryPhoneNumber>
                <com:SecondaryFaxNumber>+55 11 55327950</com:SecondaryFaxNumber>
            </com:ContactInfo>
            <com:RoleAtCountryLevel codeListId="clinadmin.occupation" codeListVersion="2013.12.13" assigningAuthority="" codeDescription="CPO Trial Administrator">TPA</com:RoleAtCountryLevel>
            <com:StartDate>2012-02-03-05:00</com:StartDate>
            <com:EndDate>2013-03-19-04:00</com:EndDate>
        </stdcntry:Personnel>
        <stdcntry:Personnel>
            <com:PersonnelID>GEYSEYV1</com:PersonnelID>
            <com:Forename>Yves</com:Forename>
            <com:Surname>Geysels</com:Surname>
            <com:Address>
                <com:AddressLines/>
                <com:Country>TBD</com:Country>
            </com:Address>
            <com:ContactInfo>
                <com:PhoneNumber>+32 2 246 16 69</com:PhoneNumber>
                <com:FaxNumber>+32 2 242 37 59</com:FaxNumber>
            </com:ContactInfo>
            <com:RoleAtCountryLevel codeListId="clinadmin.occupation" codeListVersion="2013.12.13" assigningAuthority="" codeDescription="ICRO Manager">CIM</com:RoleAtCountryLevel>
            <com:StartDate>2009-01-13-05:00</com:StartDate>
            <com:EndDate>2013-12-10-05:00</com:EndDate>
        </stdcntry:Personnel>
        <stdcntry:Personnel>
            <com:PersonnelID>SHENXID</com:PersonnelID>
            <com:Forename>Xing</com:Forename>
            <com:Surname>Shen</com:Surname>
            <com:Address>
                <com:AddressLines>
                    <com:Line>N.V. Novartis Pharma S.A.
Medialaan 40
B-1800 Vilvoorde</com:Line>
                </com:AddressLines>
                <com:Country>BEL</com:Country>
            </com:Address>
            <com:ContactInfo>
                <com:EmailAddress>xing.shenhuan@novartis.com</com:EmailAddress>
                <com:PhoneNumber>+32 2 2461823</com:PhoneNumber>
                <com:FaxNumber>+32 2 2461655</com:FaxNumber>
            </com:ContactInfo>
            <com:RoleAtCountryLevel codeListId="clinadmin.occupation" codeListVersion="2013.12.13" assigningAuthority="" codeDescription="CPO Trial Administrator">TPA</com:RoleAtCountryLevel>
            <com:StartDate>2009-01-13-05:00</com:StartDate>
        </stdcntry:Personnel>
        <stdcntry:Personnel>
            <com:PersonnelID>HANWO3</com:PersonnelID>
            <com:Forename>Woori</com:Forename>
            <com:Surname>Han</com:Surname>
            <com:Address>
                <com:AddressLines>
                    <com:Line>Novartis Korea Ltd.
18fl. Yonsei Jaedan Severance Bldg.
84-11</com:Line>
                    <com:Line> Namdaemunro 5-ga
Joong-gu
Seoul 100-753</com:Line>
                </com:AddressLines>
                <com:Country>KOR</com:Country>
            </com:Address>
            <com:ContactInfo>
                <com:PhoneNumber>+82 2 7689106</com:PhoneNumber>
                <com:FaxNumber>+82 2 7851939</com:FaxNumber>
            </com:ContactInfo>
            <com:RoleAtCountryLevel codeListId="clinadmin.occupation" codeListVersion="2013.12.13" assigningAuthority="" codeDescription="CPO Trial Administrator">TPA</com:RoleAtCountryLevel>
            <com:StartDate>2010-04-05-04:00</com:StartDate>
        </stdcntry:Personnel>
        <stdcntry:Personnel>
            <com:PersonnelID>SMITHVE2</com:PersonnelID>
            <com:Forename>Verlisa</com:Forename>
            <com:Surname>Smith-Boesch</com:Surname>
            <com:Address>
                <com:AddressLines>
                    <com:Line>Novartis Pharma Services AG
Werk St. Johann
Forum 1
Novartis Campus
Forum 2
CH-4056 Basel</com:Line>
                </com:AddressLines>
                <com:Country>CHE</com:Country>
            </com:Address>
            <com:ContactInfo>
                <com:EmailAddress>verlisa.smith-boesch@novartis.com</com:EmailAddress>
                <com:PhoneNumber>+41 61 6965596</com:PhoneNumber>
                <com:FaxNumber>+41 61 3245353</com:FaxNumber>
            </com:ContactInfo>
            <com:RoleAtCountryLevel codeListId="clinadmin.occupation" codeListVersion="2013.12.13" assigningAuthority="" codeDescription="CPO Trial Administrator">TPA</com:RoleAtCountryLevel>
            <com:StartDate>2010-10-11-04:00</com:StartDate>
        </stdcntry:Personnel>
        <stdcntry:Personnel>
            <com:PersonnelID>KANGJI2</com:PersonnelID>
            <com:Forename>Jiyeon</com:Forename>
            <com:Surname>Kang</com:Surname>
            <com:Address>
                <com:AddressLines>
                    <com:Line>Novartis Korea Ltd.
18fl. Yonsei Jaedan Severance Bldg.
84-11</com:Line>
                    <com:Line> Namdaemunro 5-ga
Joong-gu
Seoul 100-753</com:Line>
                </com:AddressLines>
                <com:Country>KOR</com:Country>
            </com:Address>
            <com:ContactInfo>
                <com:EmailAddress>jiyeon.kang@novartis.com</com:EmailAddress>
                <com:PhoneNumber>+82 2 7689154</com:PhoneNumber>
                <com:FaxNumber>+82 2 7851939</com:FaxNumber>
            </com:ContactInfo>
            <com:RoleAtCountryLevel codeListId="clinadmin.occupation" codeListVersion="2013.12.13" assigningAuthority="" codeDescription="CPO Trial Administrator">TPA</com:RoleAtCountryLevel>
            <com:StartDate>2010-02-12-05:00</com:StartDate>
        </stdcntry:Personnel>
        <stdcntry:Personnel>
            <com:PersonnelID>MOITAPA1</com:PersonnelID>
            <com:Forename>Paula</com:Forename>
            <com:Surname>Moita</com:Surname>
            <com:Address>
                <com:AddressLines>
                    <com:Line>Novartis Pharma AG
Forum 1
Novartis Campus
CH-4056 Basel</com:Line>
                </com:AddressLines>
                <com:Country>CHE</com:Country>
            </com:Address>
            <com:ContactInfo>
                <com:EmailAddress>paula.moita@novartis.com</com:EmailAddress>
                <com:FaxNumber>+41 61 3248001</com:FaxNumber>
            </com:ContactInfo>
            <com:RoleAtCountryLevel codeListId="clinadmin.occupation" codeListVersion="2013.12.13" assigningAuthority="" codeDescription="Primary Planner of Clin Ops">CPP</com:RoleAtCountryLevel>
            <com:StartDate>2013-11-29-05:00</com:StartDate>
            <com:EndDate>2013-12-05-05:00</com:EndDate>
        </stdcntry:Personnel>
        <stdcntry:Personnel>
            <com:PersonnelID>ISTASSA1</com:PersonnelID>
            <com:Forename>Sandrine</com:Forename>
            <com:Surname>Istas</com:Surname>
            <com:Address>
                <com:AddressLines>
                    <com:Line>N.V. Novartis Pharma S.A.
Medialaan 40
B-1800 Vilvoorde</com:Line>
                </com:AddressLines>
                <com:Country>BEL</com:Country>
            </com:Address>
            <com:ContactInfo>
                <com:EmailAddress>sandrine.istas@novartis.com</com:EmailAddress>
                <com:PhoneNumber>+32 2 2461610</com:PhoneNumber>
                <com:FaxNumber>+32 2 2423759</com:FaxNumber>
            </com:ContactInfo>
            <com:RoleAtCountryLevel codeListId="clinadmin.occupation" codeListVersion="2013.12.13" assigningAuthority="" codeDescription="Clinical Study Manager">CSM</com:RoleAtCountryLevel>
            <com:StartDate>2013-12-10-05:00</com:StartDate>
        </stdcntry:Personnel>
        <stdcntry:Personnel>
            <com:PersonnelID>DEPERMA1</com:PersonnelID>
            <com:Forename>Maxence</com:Forename>
            <com:Surname>Deperrois</com:Surname>
            <com:Address>
                <com:AddressLines>
                    <com:Line>Novartis Pharma AG
Forum 1
Novartis Campus
CH-4056 Basel</com:Line>
                </com:AddressLines>
                <com:Country>CHE</com:Country>
            </com:Address>
            <com:ContactInfo>
                <com:EmailAddress>maxence.deperrois@novartis.com</com:EmailAddress>
                <com:PhoneNumber>+41 61 3242595</com:PhoneNumber>
                <com:FaxNumber>+41 61 3245888</com:FaxNumber>
            </com:ContactInfo>
            <com:RoleAtCountryLevel codeListId="clinadmin.occupation" codeListVersion="2013.12.13" assigningAuthority="" codeDescription="CPO Trial Administrator">TPA</com:RoleAtCountryLevel>
            <com:StartDate>2012-01-01-05:00</com:StartDate>
        </stdcntry:Personnel>
        <stdcntry:Personnel>
            <com:PersonnelID>VINCESO2</com:PersonnelID>
            <com:Forename>Sofie</com:Forename>
            <com:Surname>Vincent</com:Surname>
            <com:Address>
                <com:AddressLines>
                    <com:Line>N.V. Novartis Pharma S.A.
Medialaan 40
B-1800 Vilvoorde</com:Line>
                </com:AddressLines>
                <com:Country>BEL</com:Country>
            </com:Address>
            <com:ContactInfo>
                <com:EmailAddress>sofie.vincent@novartis.com</com:EmailAddress>
                <com:PhoneNumber>+32 2 2461817</com:PhoneNumber>
                <com:FaxNumber>+32 2 2423759</com:FaxNumber>
            </com:ContactInfo>
            <com:RoleAtCountryLevel codeListId="clinadmin.occupation" codeListVersion="2013.12.13" assigningAuthority="" codeDescription="CPO Trial Administrator">TPA</com:RoleAtCountryLevel>
            <com:StartDate>2009-01-13-05:00</com:StartDate>
            <com:EndDate>2010-04-28-04:00</com:EndDate>
        </stdcntry:Personnel>
        <stdcntry:Personnel>
            <com:PersonnelID>DEDULSO2</com:PersonnelID>
            <com:Forename>Sophie</com:Forename>
            <com:Surname>Dedullen</com:Surname>
            <com:Address>
                <com:AddressLines>
                    <com:Line>N.V. Novartis Pharma S.A.
Medialaan 40
B-1800 Vilvoorde</com:Line>
                </com:AddressLines>
                <com:Country>BEL</com:Country>
            </com:Address>
            <com:ContactInfo>
                <com:EmailAddress>sophie.dedullen@novartis.com</com:EmailAddress>
                <com:PhoneNumber>+32 2 2461812</com:PhoneNumber>
                <com:FaxNumber>+32 2 2461655</com:FaxNumber>
                <com:SecondaryPhoneNumber>+32 2 246 1812</com:SecondaryPhoneNumber>
                <com:SecondaryFaxNumber>+32 2 242 3759</com:SecondaryFaxNumber>
            </com:ContactInfo>
            <com:RoleAtCountryLevel codeListId="clinadmin.occupation" codeListVersion="2013.12.13" assigningAuthority="" codeDescription="ICRO Coordinator">CIC</com:RoleAtCountryLevel>
            <com:StartDate>2009-01-13-05:00</com:StartDate>
            <com:EndDate>2010-01-12-05:00</com:EndDate>
        </stdcntry:Personnel>
        <stdcntry:Personnel>
            <com:PersonnelID>VANDEEL2</com:PersonnelID>
            <com:Forename>Elke</com:Forename>
            <com:Surname>Vandeputte</com:Surname>
            <com:Address>
                <com:AddressLines/>
                <com:Country>TBD</com:Country>
            </com:Address>
            <com:ContactInfo>
                <com:PhoneNumber>00 32 246 18 05</com:PhoneNumber>
                <com:FaxNumber>00 32 242 37 59</com:FaxNumber>
            </com:ContactInfo>
            <com:RoleAtCountryLevel codeListId="clinadmin.occupation" codeListVersion="2013.12.13" assigningAuthority="" codeDescription="CPO Trial Administrator">TPA</com:RoleAtCountryLevel>
            <com:StartDate>2010-06-14-04:00</com:StartDate>
            <com:EndDate>2012-03-01-05:00</com:EndDate>
        </stdcntry:Personnel>
        <stdcntry:Personnel>
            <com:PersonnelID>GFELLMI1</com:PersonnelID>
            <com:Forename>Mirjam</com:Forename>
            <com:Surname>Gfeller</com:Surname>
            <com:Address>
                <com:AddressLines/>
                <com:Country>TBD</com:Country>
            </com:Address>
            <com:ContactInfo/>
            <com:RoleAtCountryLevel codeListId="clinadmin.occupation" codeListVersion="2013.12.13" assigningAuthority="" codeDescription="CPO Trial Administrator">TPA</com:RoleAtCountryLevel>
            <com:StartDate>2010-01-01-05:00</com:StartDate>
            <com:EndDate>2013-03-08-05:00</com:EndDate>
        </stdcntry:Personnel>
        <stdcntry:Personnel>
            <com:PersonnelID>LEEYUD</com:PersonnelID>
            <com:Forename>Yura</com:Forename>
            <com:Surname>Lee</com:Surname>
            <com:Address>
                <com:AddressLines>
                    <com:Line>Novartis Korea Ltd.
18fl. Yonsei Jaedan Severance Bldg.
84-11</com:Line>
                    <com:Line> Namdaemunro 5-ga
Joong-gu
Seoul 100-753</com:Line>
                </com:AddressLines>
                <com:Country>KOR</com:Country>
            </com:Address>
            <com:ContactInfo>
                <com:EmailAddress>yura.lee@novartis.com</com:EmailAddress>
                <com:PhoneNumber>+82 2 7689483</com:PhoneNumber>
                <com:FaxNumber>+82 2 7851939</com:FaxNumber>
            </com:ContactInfo>
            <com:RoleAtCountryLevel codeListId="clinadmin.occupation" codeListVersion="2013.12.13" assigningAuthority="" codeDescription="CPO Trial Administrator">TPA</com:RoleAtCountryLevel>
            <com:StartDate>2013-03-21-04:00</com:StartDate>
            <com:EndDate>2013-11-14-05:00</com:EndDate>
        </stdcntry:Personnel>
        <stdcntry:Personnel>
            <com:PersonnelID>CLAESWI1</com:PersonnelID>
            <com:Forename>Wim</com:Forename>
            <com:Surname>Claessens</com:Surname>
            <com:Address>
                <com:AddressLines>
                    <com:Line>N.V. Novartis Pharma S.A.
Medialaan 40
B-1800 Vilvoorde</com:Line>
                </com:AddressLines>
                <com:Country>BEL</com:Country>
            </com:Address>
            <com:ContactInfo>
                <com:EmailAddress>wim.claessens@novartis.com</com:EmailAddress>
                <com:PhoneNumber>+32 2 2461730</com:PhoneNumber>
                <com:FaxNumber>+32 2 2461655</com:FaxNumber>
            </com:ContactInfo>
            <com:RoleAtCountryLevel codeListId="clinadmin.occupation" codeListVersion="2013.12.13" assigningAuthority="" codeDescription="CPO Trial Administrator">TPA</com:RoleAtCountryLevel>
            <com:StartDate>2011-12-16-05:00</com:StartDate>
        </stdcntry:Personnel>
        <stdcntry:StudyCountryEventDates>
            <stdcntry:PlannedHASubmission>2009-02-09-05:00</stdcntry:PlannedHASubmission>
            <stdcntry:PlannedHAApproval>2009-03-17-04:00</stdcntry:PlannedHAApproval>
            <stdcntry:PlannedIRBApproval>2009-04-27-04:00</stdcntry:PlannedIRBApproval>
            <stdcntry:PlannedFPFV>2009-05-25-04:00</stdcntry:PlannedFPFV>
            <stdcntry:PlannedFPFT>2009-07-07-04:00</stdcntry:PlannedFPFT>
            <stdcntry:PlannedLPFT>2015-11-30-05:00</stdcntry:PlannedLPFT>
            <stdcntry:PlannedLPLT>2015-11-30-05:00</stdcntry:PlannedLPLT>
            <stdcntry:PlannedLPLV>2015-11-30-05:00</stdcntry:PlannedLPLV>
            <stdcntry:ActualHASubmission>2009-02-09-05:00</stdcntry:ActualHASubmission>
            <stdcntry:ActualHAApproval>2009-03-17-04:00</stdcntry:ActualHAApproval>
            <stdcntry:ActualIRBApproval>2009-04-27-04:00</stdcntry:ActualIRBApproval>
            <stdcntry:ActualFPFV>2009-05-25-04:00</stdcntry:ActualFPFV>
            <stdcntry:ActualFPFT>2009-07-07-04:00</stdcntry:ActualFPFT>
        </stdcntry:StudyCountryEventDates>
    </stdcntry:StudyCountry>
</stdcntry:StudyCountryMessage>
