<?xml version="1.0" encoding="UTF-8" standalone="yes"?>
<stdcntry:StudyCountryMessage xmlns:com="http://www.novartis.com/DI/D2P/Broker/Schemas/CommonTypes" xmlns:stdcntry="http://www.novartis.com/DI/D2P/Broker/Schemas/StudyCountry" xmlns:extract="http://www.novartis.com/DI/D2P/Broker/Schemas/Extraction" com:schemaVersion="1.0">
    <com:SystemMessageHeader>
        <com:CreationDateTime>2013-12-13T15:58:01.499Z</com:CreationDateTime>
        <com:SenderID>ClinAdmin</com:SenderID>
        <com:BusinessSystemID>ClinAdmin</com:BusinessSystemID>
        <com:MessageID>ClinAdmin</com:MessageID>
    </com:SystemMessageHeader>
    <stdcntry:StudyCountry>
        <stdcntry:StudyCodeNCC>SPP100F_2301</stdcntry:StudyCodeNCC>
        <stdcntry:StudyCodeAlias>CSPP100F2301</stdcntry:StudyCodeAlias>
        <stdcntry:StudyIRTVendor> </stdcntry:StudyIRTVendor>
        <stdcntry:StudyIRTUsage>TBD</stdcntry:StudyIRTUsage>
        <stdcntry:StudyCountryDetails>
            <stdcntry:Country codeListId="clinadmin.country" codeListVersion="2013.12.13" assigningAuthority="" codeDescription="Italy">ITA</stdcntry:Country>
            <stdcntry:CountryStatus codeListId="clinadmin.esb_simple_codes.study_country_status" codeListVersion="1.0" assigningAuthority="" codeDescription="Active">ACT</stdcntry:CountryStatus>
            <stdcntry:CommittedRecruitmentNumber>300</stdcntry:CommittedRecruitmentNumber>
            <stdcntry:AdjustedRecruitmentNumber>300</stdcntry:AdjustedRecruitmentNumber>
            <stdcntry:NumberOfSitesSetUp>50</stdcntry:NumberOfSitesSetUp>
            <stdcntry:NumberOfSitesPlanned>54</stdcntry:NumberOfSitesPlanned>
        </stdcntry:StudyCountryDetails>
        <stdcntry:Personnel>
            <com:PersonnelID>SARUGEL1</com:PersonnelID>
            <com:Forename>Elena</com:Forename>
            <com:Surname>Sarugeri</com:Surname>
            <com:Address>
                <com:AddressLines/>
                <com:Country>TBD</com:Country>
            </com:Address>
            <com:ContactInfo/>
            <com:RoleAtCountryLevel codeListId="clinadmin.occupation" codeListVersion="2013.12.13" assigningAuthority="" codeDescription="Country Medical Advisor">AMA</com:RoleAtCountryLevel>
            <com:StartDate>2011-04-05-04:00</com:StartDate>
        </stdcntry:Personnel>
        <stdcntry:Personnel>
            <com:PersonnelID>DHARMSI1</com:PersonnelID>
            <com:Forename>Siddesh</com:Forename>
            <com:Surname>Dharmadhikari</com:Surname>
            <com:Address>
                <com:AddressLines>
                    <com:Line>Novartis Healthcare Pvt. Ltd.
Building # 6
Raheja Mind Space</com:Line>
                    <com:Line> Hitech City
Madhapur / Hyderabad</com:Line>
                    <com:Line> Rangareddy 500 08</com:Line>
                </com:AddressLines>
                <com:Country>IND</com:Country>
            </com:Address>
            <com:ContactInfo>
                <com:EmailAddress>siddhesh.dharmadhikari@novartis.com</com:EmailAddress>
                <com:PhoneNumber>+91 40 67671000</com:PhoneNumber>
                <com:FaxNumber>+91 40 67686951</com:FaxNumber>
            </com:ContactInfo>
            <com:RoleAtCountryLevel codeListId="clinadmin.occupation" codeListVersion="2013.12.13" assigningAuthority="" codeDescription="Central Field Monitor">CFM</com:RoleAtCountryLevel>
            <com:StartDate>2013-11-29-05:00</com:StartDate>
        </stdcntry:Personnel>
        <stdcntry:Personnel>
            <com:PersonnelID>LONARGI1</com:PersonnelID>
            <com:Forename>Giuseppe</com:Forename>
            <com:Surname>Lonardo</com:Surname>
            <com:Address>
                <com:AddressLines>
                    <com:Line>Novartis Farma S.p.A.
Largo Umberto Boccioni 1
I-21040 Origgio / VA</com:Line>
                </com:AddressLines>
                <com:Country>ITA</com:Country>
            </com:Address>
            <com:ContactInfo>
                <com:EmailAddress>giuseppe.lonardo@novartis.com</com:EmailAddress>
                <com:PhoneNumber>+39 02 96541</com:PhoneNumber>
                <com:FaxNumber>+39 02 96542910</com:FaxNumber>
            </com:ContactInfo>
            <com:RoleAtCountryLevel codeListId="clinadmin.occupation" codeListVersion="2013.12.13" assigningAuthority="" codeDescription="Clinical Study Manager">CSM</com:RoleAtCountryLevel>
            <com:StartDate>2013-12-02-05:00</com:StartDate>
        </stdcntry:Personnel>
        <stdcntry:Personnel>
            <com:PersonnelID>PLANCFL1</com:PersonnelID>
            <com:Forename>Florent</com:Forename>
            <com:Surname>Planche</com:Surname>
            <com:Address>
                <com:AddressLines/>
                <com:Country>TBD</com:Country>
            </com:Address>
            <com:ContactInfo/>
            <com:RoleAtCountryLevel codeListId="clinadmin.occupation" codeListVersion="2013.12.13" assigningAuthority="" codeDescription="Planner of Clin Ops">CPA</com:RoleAtCountryLevel>
            <com:StartDate>2010-07-26-04:00</com:StartDate>
            <com:EndDate>2010-10-01-04:00</com:EndDate>
        </stdcntry:Personnel>
        <stdcntry:Personnel>
            <com:PersonnelID>CRIPPVE1</com:PersonnelID>
            <com:Forename>Veronica</com:Forename>
            <com:Surname>Crippa</com:Surname>
            <com:Address>
                <com:AddressLines>
                    <com:Line>Novartis Farma S.p.A.
Largo Umberto Boccioni 1
I-21040 Origgio / VA</com:Line>
                </com:AddressLines>
                <com:Country>ITA</com:Country>
            </com:Address>
            <com:ContactInfo>
                <com:EmailAddress>veronica.crippa@novartis.com</com:EmailAddress>
                <com:PhoneNumber>+39 02 96542566</com:PhoneNumber>
                <com:FaxNumber>+39 02 96542910</com:FaxNumber>
            </com:ContactInfo>
            <com:RoleAtCountryLevel codeListId="clinadmin.occupation" codeListVersion="2013.12.13" assigningAuthority="" codeDescription="ICRO Coordinator">CIC</com:RoleAtCountryLevel>
            <com:StartDate>2012-05-02-04:00</com:StartDate>
        </stdcntry:Personnel>
        <stdcntry:Personnel>
            <com:PersonnelID>PIVIRSI1</com:PersonnelID>
            <com:Forename>Silvia</com:Forename>
            <com:Surname>Pivirotto</com:Surname>
            <com:Address>
                <com:AddressLines>
                    <com:Line>Novartis Farma S.p.A.
Largo Umberto Boccioni 1
I-21040 Origgio / VA</com:Line>
                </com:AddressLines>
                <com:Country>ITA</com:Country>
            </com:Address>
            <com:ContactInfo>
                <com:EmailAddress>silvia.pivirotto@novartis.com</com:EmailAddress>
                <com:PhoneNumber>+39 02 96541</com:PhoneNumber>
                <com:FaxNumber>+39 02 96542910</com:FaxNumber>
                <com:SecondaryPhoneNumber>+39 0362 337050/mob348 7476313</com:SecondaryPhoneNumber>
                <com:SecondaryFaxNumber>+39 0362 337122</com:SecondaryFaxNumber>
            </com:ContactInfo>
            <com:RoleAtCountryLevel codeListId="clinadmin.occupation" codeListVersion="2013.12.13" assigningAuthority="" codeDescription="Country Lead CRA">IRM</com:RoleAtCountryLevel>
            <com:StartDate>2009-02-16-05:00</com:StartDate>
            <com:EndDate>2011-01-31-05:00</com:EndDate>
        </stdcntry:Personnel>
        <stdcntry:Personnel>
            <com:PersonnelID>BUTTIFR1</com:PersonnelID>
            <com:Forename>Francesco</com:Forename>
            <com:Surname>Butti</com:Surname>
            <com:Address>
                <com:AddressLines>
                    <com:Line>Novartis Farma S.p.A.
Largo Umberto Boccioni 1
I-21040 Origgio / VA</com:Line>
                </com:AddressLines>
                <com:Country>ITA</com:Country>
            </com:Address>
            <com:ContactInfo>
                <com:EmailAddress>francesco.butti@novartis.com</com:EmailAddress>
                <com:PhoneNumber>+39 02 96541</com:PhoneNumber>
                <com:FaxNumber>+39 02 96542910</com:FaxNumber>
                <com:SecondaryPhoneNumber>+39 02 96541</com:SecondaryPhoneNumber>
                <com:SecondaryFaxNumber>+39 02 96542910</com:SecondaryFaxNumber>
            </com:ContactInfo>
            <com:RoleAtCountryLevel codeListId="clinadmin.occupation" codeListVersion="2013.12.13" assigningAuthority="" codeDescription="Country Lead CRA">IRM</com:RoleAtCountryLevel>
            <com:StartDate>2011-02-11-05:00</com:StartDate>
            <com:EndDate>2012-05-01-04:00</com:EndDate>
        </stdcntry:Personnel>
        <stdcntry:Personnel>
            <com:PersonnelID>NEGROLY1</com:PersonnelID>
            <com:Forename>Lya</com:Forename>
            <com:Surname>Negro Cobo</com:Surname>
            <com:Address>
                <com:AddressLines>
                    <com:Line>Novartis Farma S.p.A.
Largo Umberto Boccioni 1
I-21040 Origgio / VA</com:Line>
                </com:AddressLines>
                <com:Country>ITA</com:Country>
            </com:Address>
            <com:ContactInfo>
                <com:EmailAddress>lya.negro_cobo@novartis.com</com:EmailAddress>
                <com:PhoneNumber>+39 02 96542724</com:PhoneNumber>
                <com:FaxNumber>+39 02 96542910</com:FaxNumber>
                <com:SecondaryPhoneNumber>+39 02 96542724</com:SecondaryPhoneNumber>
                <com:SecondaryFaxNumber>+39 02 96542910</com:SecondaryFaxNumber>
            </com:ContactInfo>
            <com:RoleAtCountryLevel codeListId="clinadmin.occupation" codeListVersion="2013.12.13" assigningAuthority="" codeDescription="ICRO Coordinator">CIC</com:RoleAtCountryLevel>
            <com:StartDate>2012-02-06-05:00</com:StartDate>
        </stdcntry:Personnel>
        <stdcntry:Personnel>
            <com:PersonnelID>LAGUAMA1</com:PersonnelID>
            <com:Forename>Marianna</com:Forename>
            <com:Surname>La Guardia</com:Surname>
            <com:Address>
                <com:AddressLines>
                    <com:Line>Novartis Farma S.p.A.
Largo Umberto Boccioni 1
I-21040 Origgio / VA</com:Line>
                </com:AddressLines>
                <com:Country>ITA</com:Country>
            </com:Address>
            <com:ContactInfo>
                <com:EmailAddress>marianna.la_guardia@novartis.com</com:EmailAddress>
                <com:PhoneNumber>+39 02 96541</com:PhoneNumber>
                <com:FaxNumber>+39 02 96542910</com:FaxNumber>
                <com:SecondaryPhoneNumber>+39 02 96541</com:SecondaryPhoneNumber>
                <com:SecondaryFaxNumber>+39 02 96542910</com:SecondaryFaxNumber>
            </com:ContactInfo>
            <com:RoleAtCountryLevel codeListId="clinadmin.occupation" codeListVersion="2013.12.13" assigningAuthority="" codeDescription="CPO Trial Administrator">TPA</com:RoleAtCountryLevel>
            <com:StartDate>2012-02-06-05:00</com:StartDate>
        </stdcntry:Personnel>
        <stdcntry:Personnel>
            <com:PersonnelID>MOITAPA1</com:PersonnelID>
            <com:Forename>Paula</com:Forename>
            <com:Surname>Moita</com:Surname>
            <com:Address>
                <com:AddressLines>
                    <com:Line>Novartis Pharma AG
Forum 1
Novartis Campus
CH-4056 Basel</com:Line>
                </com:AddressLines>
                <com:Country>CHE</com:Country>
            </com:Address>
            <com:ContactInfo>
                <com:EmailAddress>paula.moita@novartis.com</com:EmailAddress>
                <com:FaxNumber>+41 61 3248001</com:FaxNumber>
            </com:ContactInfo>
            <com:RoleAtCountryLevel codeListId="clinadmin.occupation" codeListVersion="2013.12.13" assigningAuthority="" codeDescription="Primary Planner of Clin Ops">CPP</com:RoleAtCountryLevel>
            <com:StartDate>2013-11-29-05:00</com:StartDate>
            <com:EndDate>2013-12-05-05:00</com:EndDate>
        </stdcntry:Personnel>
        <stdcntry:StudyCountryEventDates>
            <stdcntry:PlannedHASubmission>2009-02-04-05:00</stdcntry:PlannedHASubmission>
            <stdcntry:PlannedHAApproval>2009-02-16-05:00</stdcntry:PlannedHAApproval>
            <stdcntry:PlannedFPFV>2009-07-02-04:00</stdcntry:PlannedFPFV>
            <stdcntry:PlannedFPFT>2009-08-18-04:00</stdcntry:PlannedFPFT>
            <stdcntry:PlannedLPFT>2014-01-24-05:00</stdcntry:PlannedLPFT>
            <stdcntry:PlannedLPLT>2015-11-30-05:00</stdcntry:PlannedLPLT>
            <stdcntry:PlannedLPLV>2015-11-30-05:00</stdcntry:PlannedLPLV>
            <stdcntry:ActualHASubmission>2009-02-04-05:00</stdcntry:ActualHASubmission>
            <stdcntry:ActualHAApproval>2009-02-16-05:00</stdcntry:ActualHAApproval>
            <stdcntry:ActualFPFV>2009-07-02-04:00</stdcntry:ActualFPFV>
            <stdcntry:ActualFPFT>2009-08-18-04:00</stdcntry:ActualFPFT>
        </stdcntry:StudyCountryEventDates>
    </stdcntry:StudyCountry>
</stdcntry:StudyCountryMessage>
