<?xml version="1.0" encoding="UTF-8" standalone="yes"?>
<stdsite:StudySiteMessage xmlns:com="http://www.novartis.com/DI/D2P/Broker/Schemas/CommonTypes" xmlns:stdsite="http://www.novartis.com/DI/D2P/Broker/Schemas/StudySite" xmlns:extract="http://www.novartis.com/DI/D2P/Broker/Schemas/Extraction" com:schemaVersion="1.0">
    <com:SystemMessageHeader>
        <com:CreationDateTime>2013-12-13T16:42:51.804Z</com:CreationDateTime>
        <com:SenderID>ClinAdmin</com:SenderID>
        <com:BusinessSystemID>ClinAdmin</com:BusinessSystemID>
        <com:MessageID>ClinAdmin</com:MessageID>
    </com:SystemMessageHeader>
    <stdsite:StudySite>
        <stdsite:StudyCodeNCC>ACZ885M_2301</stdsite:StudyCodeNCC>
        <stdsite:StudyCodeAlias>CACZ885M2301</stdsite:StudyCodeAlias>
        <stdsite:StudyIRTVendor> </stdsite:StudyIRTVendor>
        <stdsite:StudyIRTUsage>CSIRT1.02</stdsite:StudyIRTUsage>
        <stdsite:StudySiteDetails>
            <stdsite:StudyCountrySiteId>39</stdsite:StudyCountrySiteId>
            <stdsite:SiteID>127379-2</stdsite:SiteID>
            <stdsite:StudySiteID>1043</stdsite:StudySiteID>
            <stdsite:SiteName>Hôpital de la Cité de la Santé de Laval Local D-S135</stdsite:SiteName>
            <stdsite:Country codeListId="clinadmin.country" codeListVersion="2013.12.13" assigningAuthority="" codeDescription="Canada">CAN</stdsite:Country>
            <stdsite:OnHoldIndicator>false</stdsite:OnHoldIndicator>
            <stdsite:SiteStatus codeListId="clinadmin.esb_simple_codes.study_site_status" codeListVersion="1.0" assigningAuthority="" codeDescription="Active">ACT</stdsite:SiteStatus>
        </stdsite:StudySiteDetails>
        <stdsite:SiteShipmentAddress>
            <stdsite:SiteName>Hôpital de la Cité de la Santé de Laval Local D-S135</stdsite:SiteName>
            <stdsite:Address>
                <com:AddressLines>
                    <com:Line>Recherche Cardiologie&#xD;
1755 boul. René Laennec</com:Line>
                </com:AddressLines>
                <com:City>Laval</com:City>
                <com:PostalCode>H7M 3L9</com:PostalCode>
                <com:Country>TBD</com:Country>
            </stdsite:Address>
        </stdsite:SiteShipmentAddress>
        <stdsite:ClinicalPersonnel>
            <com:PersonnelID>311746C@CA</com:PersonnelID>
            <com:Forename>Jessica</com:Forename>
            <com:Surname>Blouin</com:Surname>
            <com:Address>
                <com:AddressLines>
                    <com:Line>X</com:Line>
                </com:AddressLines>
                <com:Country>TBD</com:Country>
            </com:Address>
            <com:ContactInfo>
                <com:EmailAddress>jblouin.csssl@ssss.gouv.qc.ca</com:EmailAddress>
            </com:ContactInfo>
            <com:RoleAtSiteLevel codeListId="clinadmin.occupation" codeListVersion="2013.12.13" assigningAuthority="" codeDescription="Trial Nurse">TN</com:RoleAtSiteLevel>
            <com:StartDate>2012-07-12-04:00</com:StartDate>
        </stdsite:ClinicalPersonnel>
        <stdsite:ClinicalPersonnel>
            <com:PersonnelID>323866C@CA</com:PersonnelID>
            <com:Forename>Celine</com:Forename>
            <com:Surname>Doyle</com:Surname>
            <com:Address>
                <com:AddressLines>
                    <com:Line>X</com:Line>
                </com:AddressLines>
                <com:Country>TBD</com:Country>
            </com:Address>
            <com:ContactInfo>
                <com:EmailAddress>cdoyle.csssl@ssss.gouv.qc.ca</com:EmailAddress>
            </com:ContactInfo>
            <com:RoleAtSiteLevel codeListId="clinadmin.occupation" codeListVersion="2013.12.13" assigningAuthority="" codeDescription="Trial Nurse">TN</com:RoleAtSiteLevel>
            <com:StartDate>2013-01-24-05:00</com:StartDate>
        </stdsite:ClinicalPersonnel>
        <stdsite:ClinicalPersonnel>
            <com:PersonnelID>PICARMA1</com:PersonnelID>
            <com:Forename>Manon</com:Forename>
            <com:Surname>Picard</com:Surname>
            <com:Address>
                <com:AddressLines>
                    <com:Line>Novartis Pharmaceuticals Canada Inc.
385</com:Line>
                    <com:Line> boulev. Bouchard
Dorval</com:Line>
                    <com:Line> Quebec H9S 1A9</com:Line>
                </com:AddressLines>
                <com:Country>CAN</com:Country>
            </com:Address>
            <com:ContactInfo>
                <com:EmailAddress>manon.picard@novartis.com</com:EmailAddress>
                <com:PhoneNumber>+1 514 6316775</com:PhoneNumber>
                <com:FaxNumber>+1 514 5146311867</com:FaxNumber>
                <com:SecondaryPhoneNumber>+1 514 631 6775</com:SecondaryPhoneNumber>
            </com:ContactInfo>
            <com:RoleAtSiteLevel codeListId="clinadmin.occupation" codeListVersion="2013.12.13" assigningAuthority="" codeDescription="CPO Trial Administrator">TPA</com:RoleAtSiteLevel>
            <com:StartDate>2012-06-21-04:00</com:StartDate>
        </stdsite:ClinicalPersonnel>
        <stdsite:ClinicalPersonnel>
            <com:PersonnelID>PAQUECH1</com:PersonnelID>
            <com:Forename>Chantal</com:Forename>
            <com:Surname>Paquette</com:Surname>
            <com:Address>
                <com:AddressLines>
                    <com:Line>Novartis Pharmaceuticals Canada Inc.
385</com:Line>
                    <com:Line> boulev. Bouchard
Dorval</com:Line>
                    <com:Line> Quebec H9S 1A9</com:Line>
                </com:AddressLines>
                <com:Country>CAN</com:Country>
            </com:Address>
            <com:ContactInfo>
                <com:EmailAddress>chantal.paquette@novartis.com</com:EmailAddress>
                <com:PhoneNumber>+1 514 4509331447</com:PhoneNumber>
                <com:FaxNumber>+1 514 5146332192</com:FaxNumber>
                <com:SecondaryPhoneNumber>+1 450 9331447</com:SecondaryPhoneNumber>
                <com:SecondaryFaxNumber>+1 450 9332192</com:SecondaryFaxNumber>
            </com:ContactInfo>
            <com:RoleAtSiteLevel codeListId="clinadmin.occupation" codeListVersion="2013.12.13" assigningAuthority="" codeDescription="Primary Monitor">PMN</com:RoleAtSiteLevel>
            <com:StartDate>2012-06-21-04:00</com:StartDate>
        </stdsite:ClinicalPersonnel>
        <stdsite:ClinicalPersonnel>
            <com:PersonnelID>RAYMOPA1</com:PersonnelID>
            <com:Forename>Pascale</com:Forename>
            <com:Surname>Raymond</com:Surname>
            <com:Address>
                <com:AddressLines>
                    <com:Line>Novartis Pharmaceuticals Canada Inc.
385</com:Line>
                    <com:Line> boulev. Bouchard
Dorval</com:Line>
                    <com:Line> Quebec H9S 1A9</com:Line>
                </com:AddressLines>
                <com:Country>CAN</com:Country>
            </com:Address>
            <com:ContactInfo>
                <com:EmailAddress>pascale.raymond@novartis.com</com:EmailAddress>
                <com:PhoneNumber>+1 514 6316775</com:PhoneNumber>
                <com:FaxNumber>+1 514 5146311867</com:FaxNumber>
            </com:ContactInfo>
            <com:RoleAtSiteLevel codeListId="clinadmin.occupation" codeListVersion="2013.12.13" assigningAuthority="" codeDescription="ICRO Coordinator">CIC</com:RoleAtSiteLevel>
            <com:StartDate>2012-06-21-04:00</com:StartDate>
        </stdsite:ClinicalPersonnel>
        <stdsite:ClinicalPersonnel>
            <com:PersonnelID>296799C@CA</com:PersonnelID>
            <com:Forename>Helene</com:Forename>
            <com:Surname>Bolduc</com:Surname>
            <com:Address>
                <com:AddressLines>
                    <com:Line>X</com:Line>
                </com:AddressLines>
                <com:Country>TBD</com:Country>
            </com:Address>
            <com:ContactInfo>
                <com:EmailAddress>recherche.cardiologie.csssl@ssss.gouv.qc.ca</com:EmailAddress>
            </com:ContactInfo>
            <com:RoleAtSiteLevel codeListId="clinadmin.occupation" codeListVersion="2013.12.13" assigningAuthority="" codeDescription="Primary Co-ordinator">PCO</com:RoleAtSiteLevel>
            <com:StartDate>2012-06-21-04:00</com:StartDate>
        </stdsite:ClinicalPersonnel>
        <stdsite:ClinicalPersonnel>
            <com:PersonnelID>KHANABF</com:PersonnelID>
            <com:Forename>Abdul Salmaan</com:Forename>
            <com:Surname>Khan</com:Surname>
            <com:Address>
                <com:AddressLines>
                    <com:Line>Novartis Healthcare Pvt. Ltd.
Building # 6
Raheja Mind Space</com:Line>
                    <com:Line> Hitech City
Madhapur / Hyderabad</com:Line>
                    <com:Line> Rangareddy 500 08</com:Line>
                </com:AddressLines>
                <com:Country>IND</com:Country>
            </com:Address>
            <com:ContactInfo>
                <com:EmailAddress>abdul_salmaan.khan@novartis.com</com:EmailAddress>
                <com:PhoneNumber>+91 40 67671000</com:PhoneNumber>
                <com:FaxNumber>+91 40 67686951</com:FaxNumber>
            </com:ContactInfo>
            <com:RoleAtSiteLevel codeListId="clinadmin.occupation" codeListVersion="2013.12.13" assigningAuthority="" codeDescription="Central Field Monitor">CFM</com:RoleAtSiteLevel>
            <com:StartDate>2013-10-23-04:00</com:StartDate>
        </stdsite:ClinicalPersonnel>
        <stdsite:ClinicalPersonnel>
            <com:PersonnelID>KIMBU1</com:PersonnelID>
            <com:Forename>Buyeon</com:Forename>
            <com:Surname>Kim</com:Surname>
            <com:Address>
                <com:AddressLines>
                    <com:Line>Novartis Korea Ltd.
18fl. Yonsei Jaedan Severance Bldg.
84-11</com:Line>
                    <com:Line> Namdaemunro 5-ga
Joong-gu
Seoul 100-753</com:Line>
                </com:AddressLines>
                <com:Country>KOR</com:Country>
            </com:Address>
            <com:ContactInfo>
                <com:EmailAddress>buyeon.kim@novartis.com</com:EmailAddress>
                <com:PhoneNumber>+82 2 7689181</com:PhoneNumber>
                <com:FaxNumber>+82 2 7851939</com:FaxNumber>
            </com:ContactInfo>
            <com:RoleAtSiteLevel codeListId="clinadmin.occupation" codeListVersion="2013.12.13" assigningAuthority="" codeDescription="CPO Trial Administrator">TPA</com:RoleAtSiteLevel>
            <com:StartDate>2012-06-21-04:00</com:StartDate>
        </stdsite:ClinicalPersonnel>
        <stdsite:ClinicalPersonnel>
            <com:PersonnelID>DEPERMA1</com:PersonnelID>
            <com:Forename>Maxence</com:Forename>
            <com:Surname>Deperrois</com:Surname>
            <com:Address>
                <com:AddressLines>
                    <com:Line>Novartis Pharma AG
Forum 1
Novartis Campus
CH-4056 Basel</com:Line>
                </com:AddressLines>
                <com:Country>CHE</com:Country>
            </com:Address>
            <com:ContactInfo>
                <com:EmailAddress>maxence.deperrois@novartis.com</com:EmailAddress>
                <com:PhoneNumber>+41 61 3242595</com:PhoneNumber>
                <com:FaxNumber>+41 61 3245888</com:FaxNumber>
            </com:ContactInfo>
            <com:RoleAtSiteLevel codeListId="clinadmin.occupation" codeListVersion="2013.12.13" assigningAuthority="" codeDescription="CPO Trial Administrator">TPA</com:RoleAtSiteLevel>
            <com:StartDate>2012-01-01-05:00</com:StartDate>
        </stdsite:ClinicalPersonnel>
        <stdsite:ClinicalPersonnel>
            <com:PersonnelID>261666C@CA</com:PersonnelID>
            <com:Forename>Annie</com:Forename>
            <com:Surname>Roy</com:Surname>
            <com:Address>
                <com:AddressLines>
                    <com:Line>X</com:Line>
                </com:AddressLines>
                <com:Country>TBD</com:Country>
            </com:Address>
            <com:ContactInfo>
                <com:EmailAddress>recherche.cardiologie.csssl@ssss.gouv.qc.ca</com:EmailAddress>
            </com:ContactInfo>
            <com:RoleAtSiteLevel codeListId="clinadmin.occupation" codeListVersion="2013.12.13" assigningAuthority="" codeDescription="Primary Investigator">PINV</com:RoleAtSiteLevel>
            <com:StartDate>2012-06-21-04:00</com:StartDate>
        </stdsite:ClinicalPersonnel>
        <stdsite:PrimaryCenter>
            <com:CenterName>Hôpital de la Cité de la Santé de Laval</com:CenterName>
            <com:Address>
                <com:AddressLines>
                    <com:Line>1755 boul. René Laennec</com:Line>
                </com:AddressLines>
                <com:City>Laval</com:City>
                <com:PostalCode>H7M 3L9</com:PostalCode>
                <com:Country>TBD</com:Country>
            </com:Address>
            <com:ContactInfo>
                <com:PhoneNumber>+1 450 668-1010</com:PhoneNumber>
                <com:FaxNumber>+1 450 975-5550</com:FaxNumber>
            </com:ContactInfo>
        </stdsite:PrimaryCenter>
        <stdsite:StudySiteEventDates>
            <stdsite:PlannedFPFV>2013-01-08-05:00</stdsite:PlannedFPFV>
            <stdsite:PlannedFPFT>2013-01-18-05:00</stdsite:PlannedFPFT>
            <stdsite:PlannedLPFT>2014-07-30-04:00</stdsite:PlannedLPFT>
            <stdsite:PlannedLPLT>2016-05-02-04:00</stdsite:PlannedLPLT>
            <stdsite:PlannedLPLV>2016-07-25-04:00</stdsite:PlannedLPLV>
            <stdsite:ActualFPFV>2013-01-08-05:00</stdsite:ActualFPFV>
            <stdsite:ActualFPFT>2013-01-18-05:00</stdsite:ActualFPFT>
            <stdsite:PlannedSiteRISDate>2012-11-21-05:00</stdsite:PlannedSiteRISDate>
            <stdsite:ActualSiteRISDate>2012-11-21-05:00</stdsite:ActualSiteRISDate>
            <stdsite:PlannedInitiationVisit>2012-11-29-05:00</stdsite:PlannedInitiationVisit>
            <stdsite:ActualInitiationVisit>2012-11-29-05:00</stdsite:ActualInitiationVisit>
            <stdsite:PlannedSupplyReceiveDate>2012-11-21-05:00</stdsite:PlannedSupplyReceiveDate>
            <stdsite:ActualSupplyReceivedDate>2012-11-21-05:00</stdsite:ActualSupplyReceivedDate>
            <stdsite:PlannedEthicsApprovalDate>2012-10-03-04:00</stdsite:PlannedEthicsApprovalDate>
            <stdsite:ActualEthicsApprovalDate>2012-10-03-04:00</stdsite:ActualEthicsApprovalDate>
        </stdsite:StudySiteEventDates>
        <stdsite:StudySiteLocation>
            <stdsite:LocationAddress>
                <com:AddressLines>
                    <com:Line>Recherche Cardiologie&#xD;
1755 boul. René Laennec</com:Line>
                </com:AddressLines>
                <com:City>Laval</com:City>
                <com:PostalCode>H7M 3L9</com:PostalCode>
                <com:Country>CAN</com:Country>
            </stdsite:LocationAddress>
            <stdsite:LocationContactInfo/>
            <stdsite:CenterType codeListId="" codeListVersion="" assigningAuthority="" codeDescription=""></stdsite:CenterType>
            <stdsite:Purpose codeListId="clinadmin.location_purpose" codeListVersion="2013.12.13" codeDescription="Patient Treatment">PAT</stdsite:Purpose>
            <stdsite:Comments></stdsite:Comments>
            <stdsite:StatusDescription>Active</stdsite:StatusDescription>
        </stdsite:StudySiteLocation>
    </stdsite:StudySite>
</stdsite:StudySiteMessage>
