<?xml version="1.0" encoding="UTF-8" standalone="yes"?>
<stdcntry:StudyCountryMessage xmlns:com="http://www.novartis.com/DI/D2P/Broker/Schemas/CommonTypes" xmlns:stdcntry="http://www.novartis.com/DI/D2P/Broker/Schemas/StudyCountry" xmlns:extract="http://www.novartis.com/DI/D2P/Broker/Schemas/Extraction" com:schemaVersion="1.0">
    <com:SystemMessageHeader>
        <com:CreationDateTime>2013-12-13T15:57:36.129Z</com:CreationDateTime>
        <com:SenderID>ClinAdmin</com:SenderID>
        <com:BusinessSystemID>ClinAdmin</com:BusinessSystemID>
        <com:MessageID>ClinAdmin</com:MessageID>
    </com:SystemMessageHeader>
    <stdcntry:StudyCountry>
        <stdcntry:StudyCodeNCC>ACZ885M_2301</stdcntry:StudyCodeNCC>
        <stdcntry:StudyCodeAlias>CACZ885M2301</stdcntry:StudyCodeAlias>
        <stdcntry:StudyIRTVendor> </stdcntry:StudyIRTVendor>
        <stdcntry:StudyIRTUsage>CSIRT1.02</stdcntry:StudyIRTUsage>
        <stdcntry:StudyCountryDetails>
            <stdcntry:Country codeListId="clinadmin.country" codeListVersion="2013.12.13" assigningAuthority="" codeDescription="Estonia">EST</stdcntry:Country>
            <stdcntry:CountryStatus codeListId="clinadmin.esb_simple_codes.study_country_status" codeListVersion="1.0" assigningAuthority="" codeDescription="Active">ACT</stdcntry:CountryStatus>
            <stdcntry:CommittedRecruitmentNumber>100</stdcntry:CommittedRecruitmentNumber>
            <stdcntry:AdjustedRecruitmentNumber>100</stdcntry:AdjustedRecruitmentNumber>
            <stdcntry:NumberOfSitesSetUp>10</stdcntry:NumberOfSitesSetUp>
            <stdcntry:NumberOfSitesPlanned>8</stdcntry:NumberOfSitesPlanned>
        </stdcntry:StudyCountryDetails>
        <stdcntry:Personnel>
            <com:PersonnelID>RATSEBI1</com:PersonnelID>
            <com:Forename>Birgit</com:Forename>
            <com:Surname>Ratsep</com:Surname>
            <com:Address>
                <com:AddressLines>
                    <com:Line>Novartis Pharma Services AG</com:Line>
                    <com:Line>
Representative Office
Parnu mnt. 141
EE-11314 Tallinn</com:Line>
                </com:AddressLines>
                <com:Country>EST</com:Country>
            </com:Address>
            <com:ContactInfo>
                <com:EmailAddress>birgit.ratsep@novartis.com</com:EmailAddress>
                <com:PhoneNumber>+372  6630810</com:PhoneNumber>
                <com:FaxNumber>+372  6630820</com:FaxNumber>
            </com:ContactInfo>
            <com:RoleAtCountryLevel codeListId="clinadmin.occupation" codeListVersion="2013.12.13" assigningAuthority="" codeDescription="Primary Monitor">PMN</com:RoleAtCountryLevel>
            <com:StartDate>2012-01-24-05:00</com:StartDate>
            <com:EndDate>2013-06-03-04:00</com:EndDate>
        </stdcntry:Personnel>
        <stdcntry:Personnel>
            <com:PersonnelID>KRIKSKR1</com:PersonnelID>
            <com:Forename>Kristina</com:Forename>
            <com:Surname>Zaveckiene</com:Surname>
            <com:Address>
                <com:AddressLines>
                    <com:Line>Novartis Pharma Services AG</com:Line>
                    <com:Line>
Representative Office
Konstitucijos pr. 7
LT-09308 Vilnius</com:Line>
                </com:AddressLines>
                <com:Country>LTU</com:Country>
            </com:Address>
            <com:ContactInfo>
                <com:EmailAddress>kristina.zaveckiene@novartis.com</com:EmailAddress>
                <com:PhoneNumber>+370 5 2691650</com:PhoneNumber>
                <com:FaxNumber>+370 5 2496338</com:FaxNumber>
            </com:ContactInfo>
            <com:RoleAtCountryLevel codeListId="clinadmin.occupation" codeListVersion="2013.12.13" assigningAuthority="" codeDescription="CPO Trial Administrator">TPA</com:RoleAtCountryLevel>
            <com:StartDate>2011-10-06-04:00</com:StartDate>
            <com:EndDate>2013-09-02-04:00</com:EndDate>
        </stdcntry:Personnel>
        <stdcntry:Personnel>
            <com:PersonnelID>KELDRAI2</com:PersonnelID>
            <com:Forename>Aivi</com:Forename>
            <com:Surname>Keldrimaa</com:Surname>
            <com:Address>
                <com:AddressLines>
                    <com:Line>Novartis Pharma Services AG</com:Line>
                    <com:Line>
Representative Office
Parnu mnt. 141
EE-11314 Tallinn</com:Line>
                </com:AddressLines>
                <com:Country>EST</com:Country>
            </com:Address>
            <com:ContactInfo>
                <com:EmailAddress>aivi.keldrimaa@novartis.com</com:EmailAddress>
                <com:PhoneNumber>+372  6 630 813</com:PhoneNumber>
                <com:FaxNumber>+372  6630820</com:FaxNumber>
            </com:ContactInfo>
            <com:RoleAtCountryLevel codeListId="clinadmin.occupation" codeListVersion="2013.12.13" assigningAuthority="" codeDescription="CPO Trial Administrator">TPA</com:RoleAtCountryLevel>
            <com:StartDate>2012-01-24-05:00</com:StartDate>
        </stdcntry:Personnel>
        <stdcntry:Personnel>
            <com:PersonnelID>MOITAPA1</com:PersonnelID>
            <com:Forename>Paula</com:Forename>
            <com:Surname>Moita</com:Surname>
            <com:Address>
                <com:AddressLines>
                    <com:Line>Novartis Pharma AG
Forum 1
Novartis Campus
CH-4056 Basel</com:Line>
                </com:AddressLines>
                <com:Country>CHE</com:Country>
            </com:Address>
            <com:ContactInfo>
                <com:EmailAddress>paula.moita@novartis.com</com:EmailAddress>
                <com:FaxNumber>+41 61 3248001</com:FaxNumber>
            </com:ContactInfo>
            <com:RoleAtCountryLevel codeListId="clinadmin.occupation" codeListVersion="2013.12.13" assigningAuthority="" codeDescription="Primary Planner of Clin Ops">CPP</com:RoleAtCountryLevel>
            <com:StartDate>2013-11-29-05:00</com:StartDate>
            <com:EndDate>2013-12-05-05:00</com:EndDate>
        </stdcntry:Personnel>
        <stdcntry:Personnel>
            <com:PersonnelID>GORECJO1</com:PersonnelID>
            <com:Forename>Joanna</com:Forename>
            <com:Surname>Gorecka</com:Surname>
            <com:Address>
                <com:AddressLines>
                    <com:Line>Novartis Poland Sp. z o.o.
Marynarska 15
PL-02-674 Warszawa</com:Line>
                </com:AddressLines>
                <com:Country>POL</com:Country>
            </com:Address>
            <com:ContactInfo>
                <com:EmailAddress>joanna.gorecka@novartis.com</com:EmailAddress>
                <com:PhoneNumber>+48 22 3754716</com:PhoneNumber>
                <com:FaxNumber>+48 22 3754700</com:FaxNumber>
            </com:ContactInfo>
            <com:RoleAtCountryLevel codeListId="clinadmin.occupation" codeListVersion="2013.12.13" assigningAuthority="" codeDescription="Clinical Study Manager">CSM</com:RoleAtCountryLevel>
            <com:StartDate>2013-02-18-05:00</com:StartDate>
        </stdcntry:Personnel>
        <stdcntry:Personnel>
            <com:PersonnelID>GFELLMI1</com:PersonnelID>
            <com:Forename>Mirjam</com:Forename>
            <com:Surname>Gfeller</com:Surname>
            <com:Address>
                <com:AddressLines/>
                <com:Country>TBD</com:Country>
            </com:Address>
            <com:ContactInfo/>
            <com:RoleAtCountryLevel codeListId="clinadmin.occupation" codeListVersion="2013.12.13" assigningAuthority="" codeDescription="CPO Trial Administrator">TPA</com:RoleAtCountryLevel>
            <com:StartDate>2010-01-01-05:00</com:StartDate>
            <com:EndDate>2013-03-08-05:00</com:EndDate>
        </stdcntry:Personnel>
        <stdcntry:Personnel>
            <com:PersonnelID>DIDZILA1</com:PersonnelID>
            <com:Forename>Larisa</com:Forename>
            <com:Surname>Didziapetriene</com:Surname>
            <com:Address>
                <com:AddressLines>
                    <com:Line>Novartis Pharma Services AG</com:Line>
                    <com:Line>
Representative Office
Konstitucijos pr. 7
LT-09308 Vilnius</com:Line>
                </com:AddressLines>
                <com:Country>LTU</com:Country>
            </com:Address>
            <com:ContactInfo>
                <com:EmailAddress>larisa.didziapetriene@novartis.com</com:EmailAddress>
                <com:PhoneNumber>+370 5 2487437</com:PhoneNumber>
                <com:FaxNumber>+370 5 2496338</com:FaxNumber>
            </com:ContactInfo>
            <com:RoleAtCountryLevel codeListId="clinadmin.occupation" codeListVersion="2013.12.13" assigningAuthority="" codeDescription="ICRO Manager">CIM</com:RoleAtCountryLevel>
            <com:StartDate>2012-01-24-05:00</com:StartDate>
        </stdcntry:Personnel>
        <stdcntry:Personnel>
            <com:PersonnelID>MUKHEKI1</com:PersonnelID>
            <com:Forename>Kiran</com:Forename>
            <com:Surname>Mukherjee</com:Surname>
            <com:Address>
                <com:AddressLines>
                    <com:Line>Novartis Healthcare Pvt. Ltd.
Building # 6
Raheja Mind Space</com:Line>
                    <com:Line> Hitech City
Madhapur / Hyderabad</com:Line>
                    <com:Line> Rangareddy 500 08</com:Line>
                </com:AddressLines>
                <com:Country>IND</com:Country>
            </com:Address>
            <com:ContactInfo>
                <com:EmailAddress>kiran.mukherjee@novartis.com</com:EmailAddress>
                <com:PhoneNumber>+91 40 67671000</com:PhoneNumber>
                <com:FaxNumber>+91 40 67686951</com:FaxNumber>
            </com:ContactInfo>
            <com:RoleAtCountryLevel codeListId="clinadmin.occupation" codeListVersion="2013.12.13" assigningAuthority="" codeDescription="Central Field Monitor">CFM</com:RoleAtCountryLevel>
            <com:StartDate>2013-11-15-05:00</com:StartDate>
        </stdcntry:Personnel>
        <stdcntry:Personnel>
            <com:PersonnelID>ZAVECIE1</com:PersonnelID>
            <com:Forename>Ieva</com:Forename>
            <com:Surname>Zaveckyte</com:Surname>
            <com:Address>
                <com:AddressLines>
                    <com:Line>Novartis Pharma Services AG</com:Line>
                    <com:Line>
Representative Office
Konstitucijos pr. 7
LT-09308 Vilnius</com:Line>
                </com:AddressLines>
                <com:Country>LTU</com:Country>
            </com:Address>
            <com:ContactInfo>
                <com:EmailAddress>ieva.zaveckyte@novartis.com</com:EmailAddress>
                <com:PhoneNumber>+370 5 2487508</com:PhoneNumber>
                <com:FaxNumber>+370 5 2496338</com:FaxNumber>
            </com:ContactInfo>
            <com:RoleAtCountryLevel codeListId="clinadmin.occupation" codeListVersion="2013.12.13" assigningAuthority="" codeDescription="CPO Trial Administrator">TPA</com:RoleAtCountryLevel>
            <com:StartDate>2013-08-22-04:00</com:StartDate>
        </stdcntry:Personnel>
        <stdcntry:Personnel>
            <com:PersonnelID>LEEYUD</com:PersonnelID>
            <com:Forename>Yura</com:Forename>
            <com:Surname>Lee</com:Surname>
            <com:Address>
                <com:AddressLines>
                    <com:Line>Novartis Korea Ltd.
18fl. Yonsei Jaedan Severance Bldg.
84-11</com:Line>
                    <com:Line> Namdaemunro 5-ga
Joong-gu
Seoul 100-753</com:Line>
                </com:AddressLines>
                <com:Country>KOR</com:Country>
            </com:Address>
            <com:ContactInfo>
                <com:EmailAddress>yura.lee@novartis.com</com:EmailAddress>
                <com:PhoneNumber>+82 2 7689483</com:PhoneNumber>
                <com:FaxNumber>+82 2 7851939</com:FaxNumber>
            </com:ContactInfo>
            <com:RoleAtCountryLevel codeListId="clinadmin.occupation" codeListVersion="2013.12.13" assigningAuthority="" codeDescription="CPO Trial Administrator">TPA</com:RoleAtCountryLevel>
            <com:StartDate>2013-03-21-04:00</com:StartDate>
            <com:EndDate>2013-11-14-05:00</com:EndDate>
        </stdcntry:Personnel>
        <stdcntry:Personnel>
            <com:PersonnelID>KANGJI2</com:PersonnelID>
            <com:Forename>Jiyeon</com:Forename>
            <com:Surname>Kang</com:Surname>
            <com:Address>
                <com:AddressLines>
                    <com:Line>Novartis Korea Ltd.
18fl. Yonsei Jaedan Severance Bldg.
84-11</com:Line>
                    <com:Line> Namdaemunro 5-ga
Joong-gu
Seoul 100-753</com:Line>
                </com:AddressLines>
                <com:Country>KOR</com:Country>
            </com:Address>
            <com:ContactInfo>
                <com:EmailAddress>jiyeon.kang@novartis.com</com:EmailAddress>
                <com:PhoneNumber>+82 2 7689154</com:PhoneNumber>
                <com:FaxNumber>+82 2 7851939</com:FaxNumber>
            </com:ContactInfo>
            <com:RoleAtCountryLevel codeListId="clinadmin.occupation" codeListVersion="2013.12.13" assigningAuthority="" codeDescription="CPO Trial Administrator">TPA</com:RoleAtCountryLevel>
            <com:StartDate>2010-02-12-05:00</com:StartDate>
        </stdcntry:Personnel>
        <stdcntry:Personnel>
            <com:PersonnelID>DEPERMA1</com:PersonnelID>
            <com:Forename>Maxence</com:Forename>
            <com:Surname>Deperrois</com:Surname>
            <com:Address>
                <com:AddressLines>
                    <com:Line>Novartis Pharma AG
Forum 1
Novartis Campus
CH-4056 Basel</com:Line>
                </com:AddressLines>
                <com:Country>CHE</com:Country>
            </com:Address>
            <com:ContactInfo>
                <com:EmailAddress>maxence.deperrois@novartis.com</com:EmailAddress>
                <com:PhoneNumber>+41 61 3242595</com:PhoneNumber>
                <com:FaxNumber>+41 61 3245888</com:FaxNumber>
            </com:ContactInfo>
            <com:RoleAtCountryLevel codeListId="clinadmin.occupation" codeListVersion="2013.12.13" assigningAuthority="" codeDescription="CPO Trial Administrator">TPA</com:RoleAtCountryLevel>
            <com:StartDate>2012-01-01-05:00</com:StartDate>
        </stdcntry:Personnel>
        <stdcntry:Personnel>
            <com:PersonnelID>SHUKLBH1</com:PersonnelID>
            <com:Forename>Bharat</com:Forename>
            <com:Surname>Shukla</com:Surname>
            <com:Address>
                <com:AddressLines>
                    <com:Line>Novartis Healthcare Pvt. Ltd.
Building # 6
Raheja Mind Space</com:Line>
                    <com:Line> Hitech City
Madhapur / Hyderabad</com:Line>
                    <com:Line> Rangareddy 500 08</com:Line>
                </com:AddressLines>
                <com:Country>IND</com:Country>
            </com:Address>
            <com:ContactInfo>
                <com:EmailAddress>bharat.shukla@novartis.com</com:EmailAddress>
                <com:PhoneNumber>+91 40 67671000</com:PhoneNumber>
                <com:FaxNumber>+91 40 67686951</com:FaxNumber>
            </com:ContactInfo>
            <com:RoleAtCountryLevel codeListId="clinadmin.occupation" codeListVersion="2013.12.13" assigningAuthority="" codeDescription="Central Field Monitor">CFM</com:RoleAtCountryLevel>
            <com:StartDate>2013-12-01-05:00</com:StartDate>
        </stdcntry:Personnel>
        <stdcntry:Personnel>
            <com:PersonnelID>TALIVHE2</com:PersonnelID>
            <com:Forename>Helje</com:Forename>
            <com:Surname>Talivee-Toom</com:Surname>
            <com:Address>
                <com:AddressLines>
                    <com:Line>Novartis Pharma Services AG</com:Line>
                    <com:Line>
Representative Office
Parnu mnt. 141
EE-11314 Tallinn</com:Line>
                </com:AddressLines>
                <com:Country>EST</com:Country>
            </com:Address>
            <com:ContactInfo>
                <com:EmailAddress>helje.talivee-toom@novartis.com</com:EmailAddress>
                <com:PhoneNumber>+372  6630810</com:PhoneNumber>
                <com:FaxNumber>+372  6630820</com:FaxNumber>
            </com:ContactInfo>
            <com:RoleAtCountryLevel codeListId="clinadmin.occupation" codeListVersion="2013.12.13" assigningAuthority="" codeDescription="Primary Monitor">PMN</com:RoleAtCountryLevel>
            <com:StartDate>2013-06-03-04:00</com:StartDate>
        </stdcntry:Personnel>
        <stdcntry:Personnel>
            <com:PersonnelID>KHAREAN3</com:PersonnelID>
            <com:Forename>Anubhav</com:Forename>
            <com:Surname>Khare</com:Surname>
            <com:Address>
                <com:AddressLines>
                    <com:Line>Novartis Healthcare Pvt. Ltd.
Building # 6
Raheja Mind Space</com:Line>
                    <com:Line> Hitech City
Madhapur / Hyderabad</com:Line>
                    <com:Line> Rangareddy 500 08</com:Line>
                </com:AddressLines>
                <com:Country>IND</com:Country>
            </com:Address>
            <com:ContactInfo>
                <com:EmailAddress>anubhav.khare@novartis.com</com:EmailAddress>
                <com:PhoneNumber>+91 40 67671000</com:PhoneNumber>
                <com:FaxNumber>+91 40 67686951</com:FaxNumber>
            </com:ContactInfo>
            <com:RoleAtCountryLevel codeListId="clinadmin.occupation" codeListVersion="2013.12.13" assigningAuthority="" codeDescription="Central Field Monitor">CFM</com:RoleAtCountryLevel>
            <com:StartDate>2013-12-01-05:00</com:StartDate>
        </stdcntry:Personnel>
        <stdcntry:Personnel>
            <com:PersonnelID>CASTIVI1</com:PersonnelID>
            <com:Forename>Vivienne</com:Forename>
            <com:Middlename>Carduz</com:Middlename>
            <com:Surname>Castilho</com:Surname>
            <com:Address>
                <com:AddressLines>
                    <com:Line>Novartis Biociencias S.A.
Professor Vicente Rao Avenue</com:Line>
                    <com:Line> 90
Brooklin Paulista
BR-04636-000 Sao Paulo SP</com:Line>
                </com:AddressLines>
                <com:Country>BRA</com:Country>
            </com:Address>
            <com:ContactInfo>
                <com:EmailAddress>vivienne.castilho@novartis.com</com:EmailAddress>
                <com:PhoneNumber>+55 11 5532-7513</com:PhoneNumber>
                <com:FaxNumber>+55 11 55324303</com:FaxNumber>
                <com:SecondaryEmailAddress>vivienne.castilho@novartis.com</com:SecondaryEmailAddress>
                <com:SecondaryPhoneNumber>+55 11 55324058/c.11 9271 9536</com:SecondaryPhoneNumber>
                <com:SecondaryFaxNumber>+55 11 55327950</com:SecondaryFaxNumber>
            </com:ContactInfo>
            <com:RoleAtCountryLevel codeListId="clinadmin.occupation" codeListVersion="2013.12.13" assigningAuthority="" codeDescription="CPO Trial Administrator">TPA</com:RoleAtCountryLevel>
            <com:StartDate>2012-02-03-05:00</com:StartDate>
            <com:EndDate>2013-03-19-04:00</com:EndDate>
        </stdcntry:Personnel>
        <stdcntry:Personnel>
            <com:PersonnelID>KIRANPR2</com:PersonnelID>
            <com:Forename>Priya</com:Forename>
            <com:Surname>Kiran</com:Surname>
            <com:Address>
                <com:AddressLines>
                    <com:Line>Novartis Healthcare Pvt. Ltd.
Building # 6
Raheja Mind Space</com:Line>
                    <com:Line> Hitech City
Madhapur / Hyderabad</com:Line>
                    <com:Line> Rangareddy 500 08</com:Line>
                </com:AddressLines>
                <com:Country>IND</com:Country>
            </com:Address>
            <com:ContactInfo>
                <com:EmailAddress>priya.kiran@novartis.com</com:EmailAddress>
                <com:PhoneNumber>+91 40 67671000</com:PhoneNumber>
                <com:FaxNumber>+91 40 67686951</com:FaxNumber>
            </com:ContactInfo>
            <com:RoleAtCountryLevel codeListId="clinadmin.occupation" codeListVersion="2013.12.13" assigningAuthority="" codeDescription="CPO Trial Administrator">TPA</com:RoleAtCountryLevel>
            <com:StartDate>2013-11-12-05:00</com:StartDate>
        </stdcntry:Personnel>
        <stdcntry:StudyCountryEventDates>
            <stdcntry:PlannedHASubmission>2012-01-11-05:00</stdcntry:PlannedHASubmission>
            <stdcntry:PlannedHAApproval>2012-01-17-05:00</stdcntry:PlannedHAApproval>
            <stdcntry:PlannedIRBApproval>2011-10-04-04:00</stdcntry:PlannedIRBApproval>
            <stdcntry:PlannedFPFV>2012-03-19-04:00</stdcntry:PlannedFPFV>
            <stdcntry:PlannedFPFT>2012-04-18-04:00</stdcntry:PlannedFPFT>
            <stdcntry:PlannedLPFT>2013-05-18-04:00</stdcntry:PlannedLPFT>
            <stdcntry:PlannedLPLT>2016-08-13-04:00</stdcntry:PlannedLPLT>
            <stdcntry:PlannedLPLV>2016-11-05-04:00</stdcntry:PlannedLPLV>
            <stdcntry:ActualHASubmission>2012-01-11-05:00</stdcntry:ActualHASubmission>
            <stdcntry:ActualHAApproval>2012-01-17-05:00</stdcntry:ActualHAApproval>
            <stdcntry:ActualIRBApproval>2011-10-04-04:00</stdcntry:ActualIRBApproval>
            <stdcntry:ActualFPFV>2012-03-19-04:00</stdcntry:ActualFPFV>
            <stdcntry:ActualFPFT>2012-04-18-04:00</stdcntry:ActualFPFT>
            <stdcntry:PlannedCountryRISDate>2012-03-08-05:00</stdcntry:PlannedCountryRISDate>
            <stdcntry:ActualCountryRISDate>2012-03-08-05:00</stdcntry:ActualCountryRISDate>
        </stdcntry:StudyCountryEventDates>
    </stdcntry:StudyCountry>
</stdcntry:StudyCountryMessage>
