<?xml version="1.0" encoding="UTF-8" standalone="yes"?>
<stdcntry:StudyCountryMessage xmlns:com="http://www.novartis.com/DI/D2P/Broker/Schemas/CommonTypes" xmlns:stdcntry="http://www.novartis.com/DI/D2P/Broker/Schemas/StudyCountry" xmlns:extract="http://www.novartis.com/DI/D2P/Broker/Schemas/Extraction" com:schemaVersion="1.0">
    <com:SystemMessageHeader>
        <com:CreationDateTime>2013-12-13T15:57:38.064Z</com:CreationDateTime>
        <com:SenderID>ClinAdmin</com:SenderID>
        <com:BusinessSystemID>ClinAdmin</com:BusinessSystemID>
        <com:MessageID>ClinAdmin</com:MessageID>
    </com:SystemMessageHeader>
    <stdcntry:StudyCountry>
        <stdcntry:StudyCodeNCC>ACZ885M_2301</stdcntry:StudyCodeNCC>
        <stdcntry:StudyCodeAlias>CACZ885M2301</stdcntry:StudyCodeAlias>
        <stdcntry:StudyIRTVendor> </stdcntry:StudyIRTVendor>
        <stdcntry:StudyIRTUsage>CSIRT1.02</stdcntry:StudyIRTUsage>
        <stdcntry:StudyCountryDetails>
            <stdcntry:Country codeListId="clinadmin.country" codeListVersion="2013.12.13" assigningAuthority="" codeDescription="Italy">ITA</stdcntry:Country>
            <stdcntry:CountryStatus codeListId="clinadmin.esb_simple_codes.study_country_status" codeListVersion="1.0" assigningAuthority="" codeDescription="Active">ACT</stdcntry:CountryStatus>
            <stdcntry:CommittedRecruitmentNumber>400</stdcntry:CommittedRecruitmentNumber>
            <stdcntry:AdjustedRecruitmentNumber>400</stdcntry:AdjustedRecruitmentNumber>
            <stdcntry:NumberOfSitesSetUp>44</stdcntry:NumberOfSitesSetUp>
            <stdcntry:NumberOfSitesPlanned>48</stdcntry:NumberOfSitesPlanned>
        </stdcntry:StudyCountryDetails>
        <stdcntry:Personnel>
            <com:PersonnelID>LAGUAMA1</com:PersonnelID>
            <com:Forename>Marianna</com:Forename>
            <com:Surname>La Guardia</com:Surname>
            <com:Address>
                <com:AddressLines>
                    <com:Line>Novartis Farma S.p.A.
Largo Umberto Boccioni 1
I-21040 Origgio / VA</com:Line>
                </com:AddressLines>
                <com:Country>ITA</com:Country>
            </com:Address>
            <com:ContactInfo>
                <com:EmailAddress>marianna.la_guardia@novartis.com</com:EmailAddress>
                <com:PhoneNumber>+39 02 96541</com:PhoneNumber>
                <com:FaxNumber>+39 02 96542910</com:FaxNumber>
                <com:SecondaryPhoneNumber>+39 02 96541</com:SecondaryPhoneNumber>
                <com:SecondaryFaxNumber>+39 02 96542910</com:SecondaryFaxNumber>
            </com:ContactInfo>
            <com:RoleAtCountryLevel codeListId="clinadmin.occupation" codeListVersion="2013.12.13" assigningAuthority="" codeDescription="CPO Trial Administrator">TPA</com:RoleAtCountryLevel>
            <com:StartDate>2010-11-22-05:00</com:StartDate>
        </stdcntry:Personnel>
        <stdcntry:Personnel>
            <com:PersonnelID>MICHELU3</com:PersonnelID>
            <com:Forename>Luisa</com:Forename>
            <com:Surname>Micheletti</com:Surname>
            <com:Address>
                <com:AddressLines>
                    <com:Line>Novartis Farma S.p.A.
Largo Umberto Boccioni 1
I-21040 Origgio / VA</com:Line>
                </com:AddressLines>
                <com:Country>ITA</com:Country>
            </com:Address>
            <com:ContactInfo>
                <com:EmailAddress>luisa.micheletti@novartis.com</com:EmailAddress>
                <com:PhoneNumber>+39 02 96541</com:PhoneNumber>
                <com:FaxNumber>+39 02 96542910</com:FaxNumber>
                <com:SecondaryPhoneNumber>+39 02 96541</com:SecondaryPhoneNumber>
                <com:SecondaryFaxNumber>+39 02 96542910</com:SecondaryFaxNumber>
            </com:ContactInfo>
            <com:RoleAtCountryLevel codeListId="clinadmin.occupation" codeListVersion="2013.12.13" assigningAuthority="" codeDescription="CPO Trial Administrator">TPA</com:RoleAtCountryLevel>
            <com:StartDate>2010-11-22-05:00</com:StartDate>
        </stdcntry:Personnel>
        <stdcntry:Personnel>
            <com:PersonnelID>MOITAPA1</com:PersonnelID>
            <com:Forename>Paula</com:Forename>
            <com:Surname>Moita</com:Surname>
            <com:Address>
                <com:AddressLines>
                    <com:Line>Novartis Pharma AG
Forum 1
Novartis Campus
CH-4056 Basel</com:Line>
                </com:AddressLines>
                <com:Country>CHE</com:Country>
            </com:Address>
            <com:ContactInfo>
                <com:EmailAddress>paula.moita@novartis.com</com:EmailAddress>
                <com:FaxNumber>+41 61 3248001</com:FaxNumber>
            </com:ContactInfo>
            <com:RoleAtCountryLevel codeListId="clinadmin.occupation" codeListVersion="2013.12.13" assigningAuthority="" codeDescription="Primary Planner of Clin Ops">CPP</com:RoleAtCountryLevel>
            <com:StartDate>2013-11-29-05:00</com:StartDate>
            <com:EndDate>2013-12-05-05:00</com:EndDate>
        </stdcntry:Personnel>
        <stdcntry:Personnel>
            <com:PersonnelID>ASTREGI1</com:PersonnelID>
            <com:Forename>Giulia</com:Forename>
            <com:Surname>Astrella</com:Surname>
            <com:Address>
                <com:AddressLines>
                    <com:Line>Novartis Farma S.p.A.
Largo Umberto Boccioni 1
I-21040 Origgio / VA</com:Line>
                </com:AddressLines>
                <com:Country>ITA</com:Country>
            </com:Address>
            <com:ContactInfo>
                <com:EmailAddress>giulia.astrella@novartis.com</com:EmailAddress>
                <com:PhoneNumber>+39 02 96543105</com:PhoneNumber>
                <com:FaxNumber>+39 02 96542910</com:FaxNumber>
                <com:SecondaryPhoneNumber>+39 02 96542739</com:SecondaryPhoneNumber>
                <com:SecondaryFaxNumber>+39 02 96542910</com:SecondaryFaxNumber>
            </com:ContactInfo>
            <com:RoleAtCountryLevel codeListId="clinadmin.occupation" codeListVersion="2013.12.13" assigningAuthority="" codeDescription="ICRO Coordinator">CIC</com:RoleAtCountryLevel>
            <com:StartDate>2010-12-21-05:00</com:StartDate>
        </stdcntry:Personnel>
        <stdcntry:Personnel>
            <com:PersonnelID>LONARGI1</com:PersonnelID>
            <com:Forename>Giuseppe</com:Forename>
            <com:Surname>Lonardo</com:Surname>
            <com:Address>
                <com:AddressLines>
                    <com:Line>Novartis Farma S.p.A.
Largo Umberto Boccioni 1
I-21040 Origgio / VA</com:Line>
                </com:AddressLines>
                <com:Country>ITA</com:Country>
            </com:Address>
            <com:ContactInfo>
                <com:EmailAddress>giuseppe.lonardo@novartis.com</com:EmailAddress>
                <com:PhoneNumber>+39 02 96541</com:PhoneNumber>
                <com:FaxNumber>+39 02 96542910</com:FaxNumber>
            </com:ContactInfo>
            <com:RoleAtCountryLevel codeListId="clinadmin.occupation" codeListVersion="2013.12.13" assigningAuthority="" codeDescription="Country Lead CRA">IRM</com:RoleAtCountryLevel>
            <com:StartDate>2011-11-21-05:00</com:StartDate>
            <com:EndDate>2012-05-01-04:00</com:EndDate>
        </stdcntry:Personnel>
        <stdcntry:Personnel>
            <com:PersonnelID>SHUKLBH1</com:PersonnelID>
            <com:Forename>Bharat</com:Forename>
            <com:Surname>Shukla</com:Surname>
            <com:Address>
                <com:AddressLines>
                    <com:Line>Novartis Healthcare Pvt. Ltd.
Building # 6
Raheja Mind Space</com:Line>
                    <com:Line> Hitech City
Madhapur / Hyderabad</com:Line>
                    <com:Line> Rangareddy 500 08</com:Line>
                </com:AddressLines>
                <com:Country>IND</com:Country>
            </com:Address>
            <com:ContactInfo>
                <com:EmailAddress>bharat.shukla@novartis.com</com:EmailAddress>
                <com:PhoneNumber>+91 40 67671000</com:PhoneNumber>
                <com:FaxNumber>+91 40 67686951</com:FaxNumber>
            </com:ContactInfo>
            <com:RoleAtCountryLevel codeListId="clinadmin.occupation" codeListVersion="2013.12.13" assigningAuthority="" codeDescription="Central Field Monitor">CFM</com:RoleAtCountryLevel>
            <com:StartDate>2013-12-01-05:00</com:StartDate>
        </stdcntry:Personnel>
        <stdcntry:Personnel>
            <com:PersonnelID>NEGROLY1</com:PersonnelID>
            <com:Forename>Lya</com:Forename>
            <com:Surname>Negro Cobo</com:Surname>
            <com:Address>
                <com:AddressLines>
                    <com:Line>Novartis Farma S.p.A.
Largo Umberto Boccioni 1
I-21040 Origgio / VA</com:Line>
                </com:AddressLines>
                <com:Country>ITA</com:Country>
            </com:Address>
            <com:ContactInfo>
                <com:EmailAddress>lya.negro_cobo@novartis.com</com:EmailAddress>
                <com:PhoneNumber>+39 02 96542724</com:PhoneNumber>
                <com:FaxNumber>+39 02 96542910</com:FaxNumber>
                <com:SecondaryPhoneNumber>+39 02 96542724</com:SecondaryPhoneNumber>
                <com:SecondaryFaxNumber>+39 02 96542910</com:SecondaryFaxNumber>
            </com:ContactInfo>
            <com:RoleAtCountryLevel codeListId="clinadmin.occupation" codeListVersion="2013.12.13" assigningAuthority="" codeDescription="ICRO Coordinator">CIC</com:RoleAtCountryLevel>
            <com:StartDate>2010-11-22-05:00</com:StartDate>
        </stdcntry:Personnel>
        <stdcntry:Personnel>
            <com:PersonnelID>MAZZESA1</com:PersonnelID>
            <com:Forename>Sara</com:Forename>
            <com:Surname>Mazzetti</com:Surname>
            <com:Address>
                <com:AddressLines/>
                <com:Country>TBD</com:Country>
            </com:Address>
            <com:ContactInfo/>
            <com:RoleAtCountryLevel codeListId="clinadmin.occupation" codeListVersion="2013.12.13" assigningAuthority="" codeDescription="Country Lead CRA">IRM</com:RoleAtCountryLevel>
            <com:StartDate>2010-12-21-05:00</com:StartDate>
            <com:EndDate>2011-11-20-05:00</com:EndDate>
        </stdcntry:Personnel>
        <stdcntry:Personnel>
            <com:PersonnelID>KHAREAN3</com:PersonnelID>
            <com:Forename>Anubhav</com:Forename>
            <com:Surname>Khare</com:Surname>
            <com:Address>
                <com:AddressLines>
                    <com:Line>Novartis Healthcare Pvt. Ltd.
Building # 6
Raheja Mind Space</com:Line>
                    <com:Line> Hitech City
Madhapur / Hyderabad</com:Line>
                    <com:Line> Rangareddy 500 08</com:Line>
                </com:AddressLines>
                <com:Country>IND</com:Country>
            </com:Address>
            <com:ContactInfo>
                <com:EmailAddress>anubhav.khare@novartis.com</com:EmailAddress>
                <com:PhoneNumber>+91 40 67671000</com:PhoneNumber>
                <com:FaxNumber>+91 40 67686951</com:FaxNumber>
            </com:ContactInfo>
            <com:RoleAtCountryLevel codeListId="clinadmin.occupation" codeListVersion="2013.12.13" assigningAuthority="" codeDescription="Central Field Monitor">CFM</com:RoleAtCountryLevel>
            <com:StartDate>2013-12-01-05:00</com:StartDate>
        </stdcntry:Personnel>
        <stdcntry:Personnel>
            <com:PersonnelID>MUKHEKI1</com:PersonnelID>
            <com:Forename>Kiran</com:Forename>
            <com:Surname>Mukherjee</com:Surname>
            <com:Address>
                <com:AddressLines>
                    <com:Line>Novartis Healthcare Pvt. Ltd.
Building # 6
Raheja Mind Space</com:Line>
                    <com:Line> Hitech City
Madhapur / Hyderabad</com:Line>
                    <com:Line> Rangareddy 500 08</com:Line>
                </com:AddressLines>
                <com:Country>IND</com:Country>
            </com:Address>
            <com:ContactInfo>
                <com:EmailAddress>kiran.mukherjee@novartis.com</com:EmailAddress>
                <com:PhoneNumber>+91 40 67671000</com:PhoneNumber>
                <com:FaxNumber>+91 40 67686951</com:FaxNumber>
            </com:ContactInfo>
            <com:RoleAtCountryLevel codeListId="clinadmin.occupation" codeListVersion="2013.12.13" assigningAuthority="" codeDescription="Central Field Monitor">CFM</com:RoleAtCountryLevel>
            <com:StartDate>2013-11-15-05:00</com:StartDate>
        </stdcntry:Personnel>
        <stdcntry:StudyCountryEventDates>
            <stdcntry:PlannedHASubmission>2011-04-28-04:00</stdcntry:PlannedHASubmission>
            <stdcntry:PlannedHAApproval>2011-05-16-04:00</stdcntry:PlannedHAApproval>
            <stdcntry:PlannedIRBApproval>2011-05-16-04:00</stdcntry:PlannedIRBApproval>
            <stdcntry:PlannedFPFV>2011-08-10-04:00</stdcntry:PlannedFPFV>
            <stdcntry:PlannedFPFT>2011-09-01-04:00</stdcntry:PlannedFPFT>
            <stdcntry:PlannedLPFT>2014-07-30-04:00</stdcntry:PlannedLPFT>
            <stdcntry:PlannedLPLT>2016-05-02-04:00</stdcntry:PlannedLPLT>
            <stdcntry:PlannedLPLV>2016-07-25-04:00</stdcntry:PlannedLPLV>
            <stdcntry:ActualHASubmission>2011-04-28-04:00</stdcntry:ActualHASubmission>
            <stdcntry:ActualHAApproval>2011-05-16-04:00</stdcntry:ActualHAApproval>
            <stdcntry:ActualIRBApproval>2011-05-16-04:00</stdcntry:ActualIRBApproval>
            <stdcntry:ActualFPFV>2011-08-10-04:00</stdcntry:ActualFPFV>
            <stdcntry:ActualFPFT>2011-09-01-04:00</stdcntry:ActualFPFT>
            <stdcntry:PlannedCountryRISDate>2012-01-03-05:00</stdcntry:PlannedCountryRISDate>
            <stdcntry:ActualCountryRISDate>2012-01-03-05:00</stdcntry:ActualCountryRISDate>
        </stdcntry:StudyCountryEventDates>
    </stdcntry:StudyCountry>
</stdcntry:StudyCountryMessage>
