<?xml version="1.0" encoding="UTF-8" standalone="yes"?>
<stdsite:StudySiteMessage xmlns:com="http://www.novartis.com/DI/D2P/Broker/Schemas/CommonTypes" xmlns:stdsite="http://www.novartis.com/DI/D2P/Broker/Schemas/StudySite" xmlns:extract="http://www.novartis.com/DI/D2P/Broker/Schemas/Extraction" com:schemaVersion="1.0">
    <com:SystemMessageHeader>
        <com:CreationDateTime>2013-12-13T16:42:43.041Z</com:CreationDateTime>
        <com:SenderID>ClinAdmin</com:SenderID>
        <com:BusinessSystemID>ClinAdmin</com:BusinessSystemID>
        <com:MessageID>ClinAdmin</com:MessageID>
    </com:SystemMessageHeader>
    <stdsite:StudySite>
        <stdsite:StudyCodeNCC>ACZ885M_2301</stdsite:StudyCodeNCC>
        <stdsite:StudyCodeAlias>CACZ885M2301</stdsite:StudyCodeAlias>
        <stdsite:StudyIRTVendor> </stdsite:StudyIRTVendor>
        <stdsite:StudyIRTUsage>CSIRT1.02</stdsite:StudyIRTUsage>
        <stdsite:StudySiteDetails>
            <stdsite:StudyCountrySiteId>7</stdsite:StudyCountrySiteId>
            <stdsite:SiteID>112966-5</stdsite:SiteID>
            <stdsite:StudySiteID>1009</stdsite:StudySiteID>
            <stdsite:SiteName>CHUS - Hopital Fleurimont CRC -room2816</stdsite:SiteName>
            <stdsite:Country codeListId="clinadmin.country" codeListVersion="2013.12.13" assigningAuthority="" codeDescription="Canada">CAN</stdsite:Country>
            <stdsite:OnHoldIndicator>false</stdsite:OnHoldIndicator>
            <stdsite:SiteStatus codeListId="clinadmin.esb_simple_codes.study_site_status" codeListVersion="1.0" assigningAuthority="" codeDescription="Active">ACT</stdsite:SiteStatus>
        </stdsite:StudySiteDetails>
        <stdsite:SiteShipmentAddress>
            <stdsite:SiteName>CHUS - Hopital Fleurimont CRC -room2816</stdsite:SiteName>
            <stdsite:Address>
                <com:Country>TBD</com:Country>
            </stdsite:Address>
        </stdsite:SiteShipmentAddress>
        <stdsite:ClinicalPersonnel>
            <com:PersonnelID>VALENSA1</com:PersonnelID>
            <com:Forename>Santiago</com:Forename>
            <com:Surname>Valent</com:Surname>
            <com:Address>
                <com:AddressLines>
                    <com:Line>Novartis Argentina S.A.
Ramallo 1851
1429 Buenos Aires</com:Line>
                </com:AddressLines>
                <com:Country>ARG</com:Country>
            </com:Address>
            <com:ContactInfo>
                <com:EmailAddress>santiago.valent@novartis.com</com:EmailAddress>
                <com:PhoneNumber>+54 11 541147037348</com:PhoneNumber>
                <com:FaxNumber>+54 11 47037041</com:FaxNumber>
            </com:ContactInfo>
            <com:RoleAtSiteLevel codeListId="clinadmin.occupation" codeListVersion="2013.12.13" assigningAuthority="" codeDescription="CPO Trial Administrator">TPA</com:RoleAtSiteLevel>
            <com:StartDate>2012-03-20-04:00</com:StartDate>
        </stdsite:ClinicalPersonnel>
        <stdsite:ClinicalPersonnel>
            <com:PersonnelID>DEPERMA1</com:PersonnelID>
            <com:Forename>Maxence</com:Forename>
            <com:Surname>Deperrois</com:Surname>
            <com:Address>
                <com:AddressLines>
                    <com:Line>Novartis Pharma AG
Forum 1
Novartis Campus
CH-4056 Basel</com:Line>
                </com:AddressLines>
                <com:Country>CHE</com:Country>
            </com:Address>
            <com:ContactInfo>
                <com:EmailAddress>maxence.deperrois@novartis.com</com:EmailAddress>
                <com:PhoneNumber>+41 61 3242595</com:PhoneNumber>
                <com:FaxNumber>+41 61 3245888</com:FaxNumber>
            </com:ContactInfo>
            <com:RoleAtSiteLevel codeListId="clinadmin.occupation" codeListVersion="2013.12.13" assigningAuthority="" codeDescription="CPO Trial Administrator">TPA</com:RoleAtSiteLevel>
            <com:StartDate>2012-01-01-05:00</com:StartDate>
        </stdsite:ClinicalPersonnel>
        <stdsite:ClinicalPersonnel>
            <com:PersonnelID>PICARMA1</com:PersonnelID>
            <com:Forename>Manon</com:Forename>
            <com:Surname>Picard</com:Surname>
            <com:Address>
                <com:AddressLines>
                    <com:Line>Novartis Pharmaceuticals Canada Inc.
385</com:Line>
                    <com:Line> boulev. Bouchard
Dorval</com:Line>
                    <com:Line> Quebec H9S 1A9</com:Line>
                </com:AddressLines>
                <com:Country>CAN</com:Country>
            </com:Address>
            <com:ContactInfo>
                <com:EmailAddress>manon.picard@novartis.com</com:EmailAddress>
                <com:PhoneNumber>+1 514 6316775</com:PhoneNumber>
                <com:FaxNumber>+1 514 5146311867</com:FaxNumber>
                <com:SecondaryPhoneNumber>+1 514 631 6775</com:SecondaryPhoneNumber>
            </com:ContactInfo>
            <com:RoleAtSiteLevel codeListId="clinadmin.occupation" codeListVersion="2013.12.13" assigningAuthority="" codeDescription="CPO Trial Administrator">TPA</com:RoleAtSiteLevel>
            <com:StartDate>2011-01-04-05:00</com:StartDate>
        </stdsite:ClinicalPersonnel>
        <stdsite:ClinicalPersonnel>
            <com:PersonnelID>172395C@CA</com:PersonnelID>
            <com:Forename>Serge</com:Forename>
            <com:Surname>Lepage</com:Surname>
            <com:Address>
                <com:AddressLines>
                    <com:Line>X</com:Line>
                </com:AddressLines>
                <com:Country>TBD</com:Country>
            </com:Address>
            <com:ContactInfo>
                <com:EmailAddress>serge.lepage@usherbrooke.ca</com:EmailAddress>
            </com:ContactInfo>
            <com:RoleAtSiteLevel codeListId="clinadmin.occupation" codeListVersion="2013.12.13" assigningAuthority="" codeDescription="Primary Investigator">PINV</com:RoleAtSiteLevel>
            <com:StartDate>2011-01-04-05:00</com:StartDate>
        </stdsite:ClinicalPersonnel>
        <stdsite:ClinicalPersonnel>
            <com:PersonnelID>POISSVE1</com:PersonnelID>
            <com:Forename>Veronique</com:Forename>
            <com:Surname>Poisson</com:Surname>
            <com:Address>
                <com:AddressLines>
                    <com:Line>Novartis Pharmaceuticals Canada Inc.
385</com:Line>
                    <com:Line> boulev. Bouchard
Dorval</com:Line>
                    <com:Line> Quebec H9S 1A9</com:Line>
                </com:AddressLines>
                <com:Country>CAN</com:Country>
            </com:Address>
            <com:ContactInfo>
                <com:EmailAddress>veronique.poisson@novartis.com</com:EmailAddress>
                <com:PhoneNumber>+1 514 6316775</com:PhoneNumber>
                <com:FaxNumber>+1 514 5146311867</com:FaxNumber>
                <com:SecondaryPhoneNumber>+1 819 5757431</com:SecondaryPhoneNumber>
                <com:SecondaryFaxNumber>+1 819 5757432</com:SecondaryFaxNumber>
            </com:ContactInfo>
            <com:RoleAtSiteLevel codeListId="clinadmin.occupation" codeListVersion="2013.12.13" assigningAuthority="" codeDescription="Primary Monitor">PMN</com:RoleAtSiteLevel>
            <com:StartDate>2011-01-04-05:00</com:StartDate>
        </stdsite:ClinicalPersonnel>
        <stdsite:ClinicalPersonnel>
            <com:PersonnelID>278847C@CA</com:PersonnelID>
            <com:Forename>Daniel</com:Forename>
            <com:Surname>Soucy</com:Surname>
            <com:Address>
                <com:AddressLines>
                    <com:Line>X</com:Line>
                </com:AddressLines>
                <com:Country>TBD</com:Country>
            </com:Address>
            <com:ContactInfo>
                <com:EmailAddress>dsoucy.chus@ssss.gouv.qc.ca</com:EmailAddress>
            </com:ContactInfo>
            <com:RoleAtSiteLevel codeListId="clinadmin.occupation" codeListVersion="2013.12.13" assigningAuthority="" codeDescription="Primary Co-ordinator">PCO</com:RoleAtSiteLevel>
            <com:StartDate>2011-01-04-05:00</com:StartDate>
        </stdsite:ClinicalPersonnel>
        <stdsite:ClinicalPersonnel>
            <com:PersonnelID>AMYOTMA1</com:PersonnelID>
            <com:Forename>Marc</com:Forename>
            <com:Surname>Amyot</com:Surname>
            <com:Address>
                <com:AddressLines>
                    <com:Line>Novartis Pharmaceuticals Canada Inc.
385</com:Line>
                    <com:Line> boulev. Bouchard
Dorval</com:Line>
                    <com:Line> Quebec H9S 1A9</com:Line>
                </com:AddressLines>
                <com:Country>CAN</com:Country>
            </com:Address>
            <com:ContactInfo>
                <com:EmailAddress>marc.amyot@novartis.com</com:EmailAddress>
                <com:PhoneNumber>+1 514 6316775</com:PhoneNumber>
                <com:FaxNumber>+1 514 6311867</com:FaxNumber>
            </com:ContactInfo>
            <com:RoleAtSiteLevel codeListId="clinadmin.occupation" codeListVersion="2013.12.13" assigningAuthority="" codeDescription="Field Monitor">MON</com:RoleAtSiteLevel>
            <com:StartDate>2013-08-14-04:00</com:StartDate>
        </stdsite:ClinicalPersonnel>
        <stdsite:ClinicalPersonnel>
            <com:PersonnelID>GARNECA1</com:PersonnelID>
            <com:Forename>Caroline</com:Forename>
            <com:Surname>Garneau</com:Surname>
            <com:Address>
                <com:AddressLines>
                    <com:Line>Novartis Pharmaceuticals Canada Inc.
385</com:Line>
                    <com:Line> boulev. Bouchard
Dorval</com:Line>
                    <com:Line> Quebec H9S 1A9</com:Line>
                </com:AddressLines>
                <com:Country>CAN</com:Country>
            </com:Address>
            <com:ContactInfo>
                <com:EmailAddress>caroline.garneau@novartis.com</com:EmailAddress>
                <com:PhoneNumber>+1 514 6316775</com:PhoneNumber>
                <com:FaxNumber>+1 514 5146311867</com:FaxNumber>
                <com:SecondaryPhoneNumber>+1 418 877 8749</com:SecondaryPhoneNumber>
                <com:SecondaryFaxNumber>+1 418 877 9507</com:SecondaryFaxNumber>
            </com:ContactInfo>
            <com:RoleAtSiteLevel codeListId="clinadmin.occupation" codeListVersion="2013.12.13" assigningAuthority="" codeDescription="Field Monitor">MON</com:RoleAtSiteLevel>
            <com:StartDate>2013-09-25-04:00</com:StartDate>
        </stdsite:ClinicalPersonnel>
        <stdsite:ClinicalPersonnel>
            <com:PersonnelID>RAYMOPA1</com:PersonnelID>
            <com:Forename>Pascale</com:Forename>
            <com:Surname>Raymond</com:Surname>
            <com:Address>
                <com:AddressLines>
                    <com:Line>Novartis Pharmaceuticals Canada Inc.
385</com:Line>
                    <com:Line> boulev. Bouchard
Dorval</com:Line>
                    <com:Line> Quebec H9S 1A9</com:Line>
                </com:AddressLines>
                <com:Country>CAN</com:Country>
            </com:Address>
            <com:ContactInfo>
                <com:EmailAddress>pascale.raymond@novartis.com</com:EmailAddress>
                <com:PhoneNumber>+1 514 6316775</com:PhoneNumber>
                <com:FaxNumber>+1 514 5146311867</com:FaxNumber>
            </com:ContactInfo>
            <com:RoleAtSiteLevel codeListId="clinadmin.occupation" codeListVersion="2013.12.13" assigningAuthority="" codeDescription="ICRO Coordinator">CIC</com:RoleAtSiteLevel>
            <com:StartDate>2011-01-04-05:00</com:StartDate>
        </stdsite:ClinicalPersonnel>
        <stdsite:ClinicalPersonnel>
            <com:PersonnelID>KHANABF</com:PersonnelID>
            <com:Forename>Abdul Salmaan</com:Forename>
            <com:Surname>Khan</com:Surname>
            <com:Address>
                <com:AddressLines>
                    <com:Line>Novartis Healthcare Pvt. Ltd.
Building # 6
Raheja Mind Space</com:Line>
                    <com:Line> Hitech City
Madhapur / Hyderabad</com:Line>
                    <com:Line> Rangareddy 500 08</com:Line>
                </com:AddressLines>
                <com:Country>IND</com:Country>
            </com:Address>
            <com:ContactInfo>
                <com:EmailAddress>abdul_salmaan.khan@novartis.com</com:EmailAddress>
                <com:PhoneNumber>+91 40 67671000</com:PhoneNumber>
                <com:FaxNumber>+91 40 67686951</com:FaxNumber>
            </com:ContactInfo>
            <com:RoleAtSiteLevel codeListId="clinadmin.occupation" codeListVersion="2013.12.13" assigningAuthority="" codeDescription="Central Field Monitor">CFM</com:RoleAtSiteLevel>
            <com:StartDate>2013-10-23-04:00</com:StartDate>
        </stdsite:ClinicalPersonnel>
        <stdsite:ClinicalPersonnel>
            <com:PersonnelID>GODINJO1</com:PersonnelID>
            <com:Forename>Joanne</com:Forename>
            <com:Surname>Godin</com:Surname>
            <com:Address>
                <com:AddressLines>
                    <com:Line>Novartis Pharmaceuticals Canada Inc.
385</com:Line>
                    <com:Line> boulev. Bouchard
Dorval</com:Line>
                    <com:Line> Quebec H9S 1A9</com:Line>
                </com:AddressLines>
                <com:Country>CAN</com:Country>
            </com:Address>
            <com:ContactInfo>
                <com:EmailAddress>joanne.godin@novartis.com</com:EmailAddress>
                <com:PhoneNumber>+1 514 6316775</com:PhoneNumber>
                <com:FaxNumber>+1 514 5146311867</com:FaxNumber>
                <com:SecondaryPhoneNumber>+1 514 631 6775</com:SecondaryPhoneNumber>
                <com:SecondaryFaxNumber>+1 514 631 1867</com:SecondaryFaxNumber>
            </com:ContactInfo>
            <com:RoleAtSiteLevel codeListId="clinadmin.occupation" codeListVersion="2013.12.13" assigningAuthority="" codeDescription="CPO Trial Administrator">TPA</com:RoleAtSiteLevel>
            <com:StartDate>2011-01-04-05:00</com:StartDate>
        </stdsite:ClinicalPersonnel>
        <stdsite:PrimaryCenter>
            <com:CenterName>CHUS - Hopital Fleurimont</com:CenterName>
            <com:Address>
                <com:AddressLines>
                    <com:Line>3001</com:Line>
                    <com:Line> 12e Avenue North&#xD;
</com:Line>
                </com:AddressLines>
                <com:City>Sherbrooke</com:City>
                <com:PostalCode>J1H 5N4</com:PostalCode>
                <com:Country>TBD</com:Country>
            </com:Address>
            <com:ContactInfo>
                <com:PhoneNumber>1 819 346 1110, ext 15801</com:PhoneNumber>
                <com:FaxNumber>1 819 820 6487</com:FaxNumber>
            </com:ContactInfo>
        </stdsite:PrimaryCenter>
        <stdsite:StudySiteEventDates>
            <stdsite:PlannedFPFV>2012-02-14-05:00</stdsite:PlannedFPFV>
            <stdsite:PlannedFPFT>2012-02-27-05:00</stdsite:PlannedFPFT>
            <stdsite:PlannedLPFT>2014-07-30-04:00</stdsite:PlannedLPFT>
            <stdsite:PlannedLPLT>2016-05-02-04:00</stdsite:PlannedLPLT>
            <stdsite:PlannedLPLV>2016-07-25-04:00</stdsite:PlannedLPLV>
            <stdsite:ActualFPFV>2012-02-14-05:00</stdsite:ActualFPFV>
            <stdsite:ActualFPFT>2012-02-27-05:00</stdsite:ActualFPFT>
            <stdsite:PlannedInitiationVisit>2011-10-07-04:00</stdsite:PlannedInitiationVisit>
            <stdsite:ActualInitiationVisit>2011-10-07-04:00</stdsite:ActualInitiationVisit>
        </stdsite:StudySiteEventDates>
        <stdsite:StudySiteLocation>
            <stdsite:LocationAddress>
                <com:AddressLines/>
                <com:Country>CAN</com:Country>
            </stdsite:LocationAddress>
            <stdsite:LocationContactInfo>
                <com:PhoneNumber>1 819 564-5238</com:PhoneNumber>
                <com:FaxNumber>1 819 564 5316</com:FaxNumber>
            </stdsite:LocationContactInfo>
            <stdsite:CenterType codeListId="" codeListVersion="" assigningAuthority="" codeDescription=""></stdsite:CenterType>
            <stdsite:Purpose codeListId="clinadmin.location_purpose" codeListVersion="2013.12.13" codeDescription="Patient Treatment">PAT</stdsite:Purpose>
            <stdsite:Comments></stdsite:Comments>
            <stdsite:StatusDescription>Active</stdsite:StatusDescription>
        </stdsite:StudySiteLocation>
    </stdsite:StudySite>
</stdsite:StudySiteMessage>
