<?xml version="1.0" encoding="UTF-8" standalone="yes"?>
<stdsite:StudySiteMessage xmlns:com="http://www.novartis.com/DI/D2P/Broker/Schemas/CommonTypes" xmlns:stdsite="http://www.novartis.com/DI/D2P/Broker/Schemas/StudySite" xmlns:extract="http://www.novartis.com/DI/D2P/Broker/Schemas/Extraction" com:schemaVersion="1.0">
    <com:SystemMessageHeader>
        <com:CreationDateTime>2013-12-13T16:47:44.871Z</com:CreationDateTime>
        <com:SenderID>ClinAdmin</com:SenderID>
        <com:BusinessSystemID>ClinAdmin</com:BusinessSystemID>
        <com:MessageID>ClinAdmin</com:MessageID>
    </com:SystemMessageHeader>
    <stdsite:StudySite>
        <stdsite:StudyCodeNCC>ACZ885M_2301</stdsite:StudyCodeNCC>
        <stdsite:StudyCodeAlias>CACZ885M2301</stdsite:StudyCodeAlias>
        <stdsite:StudyIRTVendor> </stdsite:StudyIRTVendor>
        <stdsite:StudyIRTUsage>CSIRT1.02</stdsite:StudyIRTUsage>
        <stdsite:StudySiteDetails>
            <stdsite:StudyCountrySiteId>194</stdsite:StudyCountrySiteId>
            <stdsite:SiteID>123073-15</stdsite:SiteID>
            <stdsite:StudySiteID>1694</stdsite:StudySiteID>
            <stdsite:SiteName>Physician Research Collaboration CACZ885M2301_Potts</stdsite:SiteName>
            <stdsite:Country codeListId="clinadmin.country" codeListVersion="2013.12.13" assigningAuthority="" codeDescription="United States">USA</stdsite:Country>
            <stdsite:OnHoldIndicator>false</stdsite:OnHoldIndicator>
            <stdsite:SiteStatus codeListId="clinadmin.esb_simple_codes.study_site_status" codeListVersion="1.0" assigningAuthority="" codeDescription="Active">ACT</stdsite:SiteStatus>
        </stdsite:StudySiteDetails>
        <stdsite:SiteShipmentAddress>
            <stdsite:SiteName>Physician Research Collaboration CACZ885M2301_Potts</stdsite:SiteName>
            <stdsite:Address>
                <com:AddressLines>
                    <com:Line>3901 Pine Lake Road&#xD;
Suite 220</com:Line>
                </com:AddressLines>
                <com:City>Lincoln</com:City>
                <com:PostalCode>68516</com:PostalCode>
                <com:Country>TBD</com:Country>
            </stdsite:Address>
        </stdsite:SiteShipmentAddress>
        <stdsite:ClinicalPersonnel>
            <com:PersonnelID>NICHOJO3</com:PersonnelID>
            <com:Forename>Joshua</com:Forename>
            <com:Surname>Nichols</com:Surname>
            <com:Address>
                <com:AddressLines>
                    <com:Line>Novartis Pharmaceuticals Corporation
One Health Plaza
East Hanover</com:Line>
                    <com:Line> NJ 07936-1080</com:Line>
                </com:AddressLines>
                <com:Country>USA</com:Country>
            </com:Address>
            <com:ContactInfo>
                <com:EmailAddress>joshua.nichols@novartis.com</com:EmailAddress>
                <com:PhoneNumber>+1  8627787261</com:PhoneNumber>
                <com:FaxNumber>+1  9737818265</com:FaxNumber>
            </com:ContactInfo>
            <com:RoleAtSiteLevel codeListId="clinadmin.occupation" codeListVersion="2013.12.13" assigningAuthority="" codeDescription="CPO Trial Administrator">TPA</com:RoleAtSiteLevel>
            <com:StartDate>2011-01-05-05:00</com:StartDate>
        </stdsite:ClinicalPersonnel>
        <stdsite:ClinicalPersonnel>
            <com:PersonnelID>DEPERMA1</com:PersonnelID>
            <com:Forename>Maxence</com:Forename>
            <com:Surname>Deperrois</com:Surname>
            <com:Address>
                <com:AddressLines>
                    <com:Line>Novartis Pharma AG
Forum 1
Novartis Campus
CH-4056 Basel</com:Line>
                </com:AddressLines>
                <com:Country>CHE</com:Country>
            </com:Address>
            <com:ContactInfo>
                <com:EmailAddress>maxence.deperrois@novartis.com</com:EmailAddress>
                <com:PhoneNumber>+41 61 3242595</com:PhoneNumber>
                <com:FaxNumber>+41 61 3245888</com:FaxNumber>
            </com:ContactInfo>
            <com:RoleAtSiteLevel codeListId="clinadmin.occupation" codeListVersion="2013.12.13" assigningAuthority="" codeDescription="CPO Trial Administrator">TPA</com:RoleAtSiteLevel>
            <com:StartDate>2012-01-01-05:00</com:StartDate>
        </stdsite:ClinicalPersonnel>
        <stdsite:ClinicalPersonnel>
            <com:PersonnelID>JIMMILI1</com:PersonnelID>
            <com:Forename>Lisa</com:Forename>
            <com:Surname>Jimmink</com:Surname>
            <com:Address>
                <com:AddressLines>
                    <com:Line>Novartis Pharmaceuticals Corporation
One Health Plaza
East Hanover</com:Line>
                    <com:Line> NJ 07936-1080</com:Line>
                </com:AddressLines>
                <com:Country>USA</com:Country>
            </com:Address>
            <com:ContactInfo>
                <com:EmailAddress>lisa.jimmink@novartis.com</com:EmailAddress>
                <com:PhoneNumber>+1  8627787965</com:PhoneNumber>
                <com:FaxNumber>+1  9737816415</com:FaxNumber>
                <com:SecondaryPhoneNumber>+ 1862 7787965</com:SecondaryPhoneNumber>
            </com:ContactInfo>
            <com:RoleAtSiteLevel codeListId="clinadmin.occupation" codeListVersion="2013.12.13" assigningAuthority="" codeDescription="CPO Trial Administrator">TPA</com:RoleAtSiteLevel>
            <com:StartDate>2011-01-05-05:00</com:StartDate>
        </stdsite:ClinicalPersonnel>
        <stdsite:ClinicalPersonnel>
            <com:PersonnelID>IVERSLO1</com:PersonnelID>
            <com:Forename>Lora</com:Forename>
            <com:Surname>Iversen</com:Surname>
            <com:Address>
                <com:AddressLines>
                    <com:Line>Novartis Pharmaceuticals Corporation
One Health Plaza
East Hanover</com:Line>
                    <com:Line> NJ 07936-1080</com:Line>
                </com:AddressLines>
                <com:Country>USA</com:Country>
            </com:Address>
            <com:ContactInfo>
                <com:PhoneNumber>+1  8627788300</com:PhoneNumber>
                <com:FaxNumber>+1  9737818265</com:FaxNumber>
                <com:SecondaryPhoneNumber>+1 402 443 1062/c.402 443 6357</com:SecondaryPhoneNumber>
                <com:SecondaryFaxNumber>+1 402 443 1069</com:SecondaryFaxNumber>
            </com:ContactInfo>
            <com:RoleAtSiteLevel codeListId="clinadmin.occupation" codeListVersion="2013.12.13" assigningAuthority="" codeDescription="Primary Monitor">PMN</com:RoleAtSiteLevel>
            <com:StartDate>2011-01-05-05:00</com:StartDate>
            <com:EndDate>2012-02-01-05:00</com:EndDate>
        </stdsite:ClinicalPersonnel>
        <stdsite:ClinicalPersonnel>
            <com:PersonnelID>ANDERKEA</com:PersonnelID>
            <com:Forename>Kelly</com:Forename>
            <com:Surname>Andersen</com:Surname>
            <com:Address>
                <com:AddressLines>
                    <com:Line>Novartis Pharmaceuticals Corporation
One Health Plaza
East Hanover</com:Line>
                    <com:Line> NJ 07936-1080</com:Line>
                </com:AddressLines>
                <com:Country>USA</com:Country>
            </com:Address>
            <com:ContactInfo>
                <com:EmailAddress>kelly.andersen@novartis.com</com:EmailAddress>
                <com:PhoneNumber>+1  8627788300</com:PhoneNumber>
                <com:FaxNumber>+1  9737818265</com:FaxNumber>
            </com:ContactInfo>
            <com:RoleAtSiteLevel codeListId="clinadmin.occupation" codeListVersion="2013.12.13" assigningAuthority="" codeDescription="Primary Monitor">PMN</com:RoleAtSiteLevel>
            <com:StartDate>2012-11-06-05:00</com:StartDate>
        </stdsite:ClinicalPersonnel>
        <stdsite:ClinicalPersonnel>
            <com:PersonnelID>260375C@CA</com:PersonnelID>
            <com:Forename>Jason</com:Forename>
            <com:Middlename>R.</com:Middlename>
            <com:Surname>Potts</com:Surname>
            <com:Address>
                <com:AddressLines>
                    <com:Line>X</com:Line>
                </com:AddressLines>
                <com:Country>TBD</com:Country>
            </com:Address>
            <com:ContactInfo>
                <com:EmailAddress>janet.schorfheide@prc.us.com</com:EmailAddress>
            </com:ContactInfo>
            <com:RoleAtSiteLevel codeListId="clinadmin.occupation" codeListVersion="2013.12.13" assigningAuthority="" codeDescription="Primary Investigator">PINV</com:RoleAtSiteLevel>
            <com:StartDate>2011-01-06-05:00</com:StartDate>
        </stdsite:ClinicalPersonnel>
        <stdsite:ClinicalPersonnel>
            <com:PersonnelID>268190C@CA</com:PersonnelID>
            <com:Forename>Mary</com:Forename>
            <com:Surname>Simon</com:Surname>
            <com:Address>
                <com:AddressLines>
                    <com:Line>X</com:Line>
                </com:AddressLines>
                <com:Country>TBD</com:Country>
            </com:Address>
            <com:ContactInfo>
                <com:EmailAddress>mary.simon@prc.us.com</com:EmailAddress>
            </com:ContactInfo>
            <com:RoleAtSiteLevel codeListId="clinadmin.occupation" codeListVersion="2013.12.13" assigningAuthority="" codeDescription="Trial Coordinator">TC</com:RoleAtSiteLevel>
            <com:StartDate>2011-02-17-05:00</com:StartDate>
            <com:EndDate>2012-06-19-04:00</com:EndDate>
        </stdsite:ClinicalPersonnel>
        <stdsite:ClinicalPersonnel>
            <com:PersonnelID>276752C@CA</com:PersonnelID>
            <com:Forename>Daniel</com:Forename>
            <com:Surname>Einsphar</com:Surname>
            <com:Address>
                <com:AddressLines>
                    <com:Line>X</com:Line>
                </com:AddressLines>
                <com:Country>TBD</com:Country>
            </com:Address>
            <com:ContactInfo>
                <com:EmailAddress>janet.schorfheide@prc.us.com</com:EmailAddress>
            </com:ContactInfo>
            <com:RoleAtSiteLevel codeListId="clinadmin.occupation" codeListVersion="2013.12.13" assigningAuthority="" codeDescription="Sub-Investigator">SINV</com:RoleAtSiteLevel>
            <com:StartDate>2012-02-24-05:00</com:StartDate>
        </stdsite:ClinicalPersonnel>
        <stdsite:ClinicalPersonnel>
            <com:PersonnelID>251053C@CA</com:PersonnelID>
            <com:Forename>Ritoo</com:Forename>
            <com:Surname>Jain, MBBS</com:Surname>
            <com:Address>
                <com:AddressLines>
                    <com:Line>X</com:Line>
                </com:AddressLines>
                <com:Country>TBD</com:Country>
            </com:Address>
            <com:ContactInfo>
                <com:EmailAddress>lisa.kastanek@nebraskaarthritis.com</com:EmailAddress>
            </com:ContactInfo>
            <com:RoleAtSiteLevel codeListId="clinadmin.occupation" codeListVersion="2013.12.13" assigningAuthority="" codeDescription="Sub-Investigator">SINV</com:RoleAtSiteLevel>
            <com:StartDate>2012-02-24-05:00</com:StartDate>
        </stdsite:ClinicalPersonnel>
        <stdsite:ClinicalPersonnel>
            <com:PersonnelID>239216C@CA</com:PersonnelID>
            <com:Forename>Lewis</com:Forename>
            <com:Middlename>W.</com:Middlename>
            <com:Surname>Plachy</com:Surname>
            <com:Address>
                <com:AddressLines>
                    <com:Line>X</com:Line>
                </com:AddressLines>
                <com:Country>TBD</com:Country>
            </com:Address>
            <com:ContactInfo>
                <com:EmailAddress>Lisa.kastanek@nebraskaarthritis.com</com:EmailAddress>
            </com:ContactInfo>
            <com:RoleAtSiteLevel codeListId="clinadmin.occupation" codeListVersion="2013.12.13" assigningAuthority="" codeDescription="Sub-Investigator">SINV</com:RoleAtSiteLevel>
            <com:StartDate>2011-01-06-05:00</com:StartDate>
        </stdsite:ClinicalPersonnel>
        <stdsite:ClinicalPersonnel>
            <com:PersonnelID>HALARNA1</com:PersonnelID>
            <com:Forename>Nazlin</com:Forename>
            <com:Surname>Halari</com:Surname>
            <com:Address>
                <com:AddressLines>
                    <com:Line>Novartis Pharmaceuticals Corporation
One Health Plaza
East Hanover</com:Line>
                    <com:Line> NJ 07936-1080</com:Line>
                </com:AddressLines>
                <com:Country>USA</com:Country>
            </com:Address>
            <com:ContactInfo>
                <com:EmailAddress>nazlin.halari@novartis.com</com:EmailAddress>
                <com:PhoneNumber>+1  8627784922</com:PhoneNumber>
                <com:FaxNumber>+1  9737818265</com:FaxNumber>
            </com:ContactInfo>
            <com:RoleAtSiteLevel codeListId="clinadmin.occupation" codeListVersion="2013.12.13" assigningAuthority="" codeDescription="CPO Trial Administrator">TPA</com:RoleAtSiteLevel>
            <com:StartDate>2011-01-05-05:00</com:StartDate>
        </stdsite:ClinicalPersonnel>
        <stdsite:ClinicalPersonnel>
            <com:PersonnelID>276753C@CA</com:PersonnelID>
            <com:Forename>Holly</com:Forename>
            <com:Surname>McMillan</com:Surname>
            <com:Address>
                <com:AddressLines>
                    <com:Line>X</com:Line>
                </com:AddressLines>
                <com:Country>TBD</com:Country>
            </com:Address>
            <com:ContactInfo>
                <com:EmailAddress>janet.schorfheide@prc.us.com</com:EmailAddress>
            </com:ContactInfo>
            <com:RoleAtSiteLevel codeListId="clinadmin.occupation" codeListVersion="2013.12.13" assigningAuthority="" codeDescription="Sub-Investigator">SINV</com:RoleAtSiteLevel>
            <com:StartDate>2012-02-24-05:00</com:StartDate>
        </stdsite:ClinicalPersonnel>
        <stdsite:ClinicalPersonnel>
            <com:PersonnelID>242118C@CA</com:PersonnelID>
            <com:Forename>Julie</com:Forename>
            <com:Surname>Harmon</com:Surname>
            <com:Address>
                <com:AddressLines>
                    <com:Line>X</com:Line>
                </com:AddressLines>
                <com:Country>TBD</com:Country>
            </com:Address>
            <com:ContactInfo>
                <com:EmailAddress>Julie.harmon@prc.us.com</com:EmailAddress>
            </com:ContactInfo>
            <com:RoleAtSiteLevel codeListId="clinadmin.occupation" codeListVersion="2013.12.13" assigningAuthority="" codeDescription="Trial Coordinator">TC</com:RoleAtSiteLevel>
            <com:StartDate>2011-01-06-05:00</com:StartDate>
            <com:EndDate>2012-06-09-04:00</com:EndDate>
        </stdsite:ClinicalPersonnel>
        <stdsite:ClinicalPersonnel>
            <com:PersonnelID>260374C@CA</com:PersonnelID>
            <com:Forename>Gerold J.</com:Forename>
            <com:Surname>Stark</com:Surname>
            <com:Address>
                <com:AddressLines>
                    <com:Line>X</com:Line>
                </com:AddressLines>
                <com:Country>TBD</com:Country>
            </com:Address>
            <com:ContactInfo>
                <com:EmailAddress>janet.schorfheide@prc.us.com</com:EmailAddress>
            </com:ContactInfo>
            <com:RoleAtSiteLevel codeListId="clinadmin.occupation" codeListVersion="2013.12.13" assigningAuthority="" codeDescription="Sub-Investigator">SINV</com:RoleAtSiteLevel>
            <com:StartDate>2012-02-24-05:00</com:StartDate>
        </stdsite:ClinicalPersonnel>
        <stdsite:ClinicalPersonnel>
            <com:PersonnelID>HAMILRO2</com:PersonnelID>
            <com:Forename>Rosa</com:Forename>
            <com:Surname>Hamilton</com:Surname>
            <com:Address>
                <com:AddressLines>
                    <com:Line>Novartis Pharmaceuticals Corporation
One Health Plaza
East Hanover</com:Line>
                    <com:Line> NJ 07936-1080</com:Line>
                </com:AddressLines>
                <com:Country>USA</com:Country>
            </com:Address>
            <com:ContactInfo>
                <com:EmailAddress>rosa.hamilton@novartis.com</com:EmailAddress>
                <com:PhoneNumber>+1  8627786989</com:PhoneNumber>
                <com:FaxNumber>+1  9737818265</com:FaxNumber>
                <com:SecondaryPhoneNumber>+1 862 7786989</com:SecondaryPhoneNumber>
            </com:ContactInfo>
            <com:RoleAtSiteLevel codeListId="clinadmin.occupation" codeListVersion="2013.12.13" assigningAuthority="" codeDescription="CPO Trial Administrator">TPA</com:RoleAtSiteLevel>
            <com:StartDate>2011-01-04-05:00</com:StartDate>
        </stdsite:ClinicalPersonnel>
        <stdsite:ClinicalPersonnel>
            <com:PersonnelID>268190C@CA</com:PersonnelID>
            <com:Forename>Mary</com:Forename>
            <com:Surname>Simon</com:Surname>
            <com:Address>
                <com:AddressLines>
                    <com:Line>X</com:Line>
                </com:AddressLines>
                <com:Country>TBD</com:Country>
            </com:Address>
            <com:ContactInfo>
                <com:EmailAddress>mary.simon@prc.us.com</com:EmailAddress>
            </com:ContactInfo>
            <com:RoleAtSiteLevel codeListId="clinadmin.occupation" codeListVersion="2013.12.13" assigningAuthority="" codeDescription="Primary Co-ordinator">PCO</com:RoleAtSiteLevel>
            <com:StartDate>2012-06-19-04:00</com:StartDate>
        </stdsite:ClinicalPersonnel>
        <stdsite:ClinicalPersonnel>
            <com:PersonnelID>MALERKI1</com:PersonnelID>
            <com:Forename>Kimberly</com:Forename>
            <com:Surname>Malerba</com:Surname>
            <com:Address>
                <com:AddressLines>
                    <com:Line>Novartis Pharmaceuticals Corporation
One Health Plaza
East Hanover</com:Line>
                    <com:Line> NJ 07936-1080</com:Line>
                </com:AddressLines>
                <com:Country>USA</com:Country>
            </com:Address>
            <com:ContactInfo>
                <com:EmailAddress>kimberly.malerba@novartis.com</com:EmailAddress>
                <com:PhoneNumber>+1  8627785883</com:PhoneNumber>
                <com:FaxNumber>+1  9737812287</com:FaxNumber>
            </com:ContactInfo>
            <com:RoleAtSiteLevel codeListId="clinadmin.occupation" codeListVersion="2013.12.13" assigningAuthority="" codeDescription="CPO Trial Administrator">TPA</com:RoleAtSiteLevel>
            <com:StartDate>2011-01-05-05:00</com:StartDate>
        </stdsite:ClinicalPersonnel>
        <stdsite:ClinicalPersonnel>
            <com:PersonnelID>319623C@CA</com:PersonnelID>
            <com:Forename>Emily</com:Forename>
            <com:Surname>Waltman</com:Surname>
            <com:Address>
                <com:AddressLines>
                    <com:Line>X</com:Line>
                </com:AddressLines>
                <com:Country>TBD</com:Country>
            </com:Address>
            <com:ContactInfo>
                <com:EmailAddress>Emily.Waltman@prc.us.com</com:EmailAddress>
            </com:ContactInfo>
            <com:RoleAtSiteLevel codeListId="clinadmin.occupation" codeListVersion="2013.12.13" assigningAuthority="" codeDescription="Trial Coordinator">TC</com:RoleAtSiteLevel>
            <com:StartDate>2012-11-12-05:00</com:StartDate>
        </stdsite:ClinicalPersonnel>
        <stdsite:ClinicalPersonnel>
            <com:PersonnelID>276751C@CA</com:PersonnelID>
            <com:Forename>Shawn</com:Forename>
            <com:Surname>Semin</com:Surname>
            <com:Address>
                <com:AddressLines>
                    <com:Line>X</com:Line>
                </com:AddressLines>
                <com:Country>TBD</com:Country>
            </com:Address>
            <com:ContactInfo>
                <com:EmailAddress>janet.schorfheide@prc.us.com</com:EmailAddress>
            </com:ContactInfo>
            <com:RoleAtSiteLevel codeListId="clinadmin.occupation" codeListVersion="2013.12.13" assigningAuthority="" codeDescription="Sub-Investigator">SINV</com:RoleAtSiteLevel>
            <com:StartDate>2012-02-24-05:00</com:StartDate>
        </stdsite:ClinicalPersonnel>
        <stdsite:ClinicalPersonnel>
            <com:PersonnelID>177659C@CA</com:PersonnelID>
            <com:Forename>Michael </com:Forename>
            <com:Middlename>Anthony</com:Middlename>
            <com:Surname>Pace</com:Surname>
            <com:Address>
                <com:AddressLines>
                    <com:Line>X</com:Line>
                </com:AddressLines>
                <com:Country>TBD</com:Country>
            </com:Address>
            <com:ContactInfo>
                <com:EmailAddress>lisa.kastanek@nebraskaarthritis.com</com:EmailAddress>
            </com:ContactInfo>
            <com:RoleAtSiteLevel codeListId="clinadmin.occupation" codeListVersion="2013.12.13" assigningAuthority="" codeDescription="Sub-Investigator">SINV</com:RoleAtSiteLevel>
            <com:StartDate>2011-01-06-05:00</com:StartDate>
        </stdsite:ClinicalPersonnel>
        <stdsite:ClinicalPersonnel>
            <com:PersonnelID>246737C@CA</com:PersonnelID>
            <com:Forename>Janet</com:Forename>
            <com:Surname>Schorfheide</com:Surname>
            <com:Address>
                <com:AddressLines>
                    <com:Line>X</com:Line>
                </com:AddressLines>
                <com:Country>TBD</com:Country>
            </com:Address>
            <com:ContactInfo>
                <com:EmailAddress>janet.schorfheide@prc.us.com</com:EmailAddress>
            </com:ContactInfo>
            <com:RoleAtSiteLevel codeListId="clinadmin.occupation" codeListVersion="2013.12.13" assigningAuthority="" codeDescription="Primary Co-ordinator">PCO</com:RoleAtSiteLevel>
            <com:StartDate>2011-01-06-05:00</com:StartDate>
            <com:EndDate>2012-06-19-04:00</com:EndDate>
        </stdsite:ClinicalPersonnel>
        <stdsite:ClinicalPersonnel>
            <com:PersonnelID>KHANABF</com:PersonnelID>
            <com:Forename>Abdul Salmaan</com:Forename>
            <com:Surname>Khan</com:Surname>
            <com:Address>
                <com:AddressLines>
                    <com:Line>Novartis Healthcare Pvt. Ltd.
Building # 6
Raheja Mind Space</com:Line>
                    <com:Line> Hitech City
Madhapur / Hyderabad</com:Line>
                    <com:Line> Rangareddy 500 08</com:Line>
                </com:AddressLines>
                <com:Country>IND</com:Country>
            </com:Address>
            <com:ContactInfo>
                <com:EmailAddress>abdul_salmaan.khan@novartis.com</com:EmailAddress>
                <com:PhoneNumber>+91 40 67671000</com:PhoneNumber>
                <com:FaxNumber>+91 40 67686951</com:FaxNumber>
            </com:ContactInfo>
            <com:RoleAtSiteLevel codeListId="clinadmin.occupation" codeListVersion="2013.12.13" assigningAuthority="" codeDescription="Central Field Monitor">CFM</com:RoleAtSiteLevel>
            <com:StartDate>2013-10-23-04:00</com:StartDate>
        </stdsite:ClinicalPersonnel>
        <stdsite:ClinicalPersonnel>
            <com:PersonnelID>BECKMHA1</com:PersonnelID>
            <com:Forename>Harmony</com:Forename>
            <com:Surname>Beckman</com:Surname>
            <com:Address>
                <com:AddressLines>
                    <com:Line>No Set Location
No Set Loc</com:Line>
                </com:AddressLines>
                <com:Country>USA</com:Country>
            </com:Address>
            <com:ContactInfo>
                <com:EmailAddress>harmony.beckman@novartis.com</com:EmailAddress>
                <com:PhoneNumber>+1  9529231630</com:PhoneNumber>
                <com:FaxNumber>+1 417-885-3912</com:FaxNumber>
                <com:SecondaryPhoneNumber>+1417-885-3912/c.952 237-8128</com:SecondaryPhoneNumber>
            </com:ContactInfo>
            <com:RoleAtSiteLevel codeListId="clinadmin.occupation" codeListVersion="2013.12.13" assigningAuthority="" codeDescription="Primary Monitor">PMN</com:RoleAtSiteLevel>
            <com:StartDate>2012-02-01-05:00</com:StartDate>
            <com:EndDate>2012-11-06-05:00</com:EndDate>
        </stdsite:ClinicalPersonnel>
        <stdsite:PrimaryCenter>
            <com:CenterName>Physician Research Collaboration</com:CenterName>
            <com:Address>
                <com:AddressLines>
                    <com:Line>4501 South 70th</com:Line>
                    <com:Line> Ste 130</com:Line>
                </com:AddressLines>
                <com:City>Lincoln</com:City>
                <com:PostalCode>68516</com:PostalCode>
                <com:Country>TBD</com:Country>
            </com:Address>
            <com:ContactInfo>
                <com:PhoneNumber>+1 402 484 4940</com:PhoneNumber>
                <com:FaxNumber>+1 402 484 4950</com:FaxNumber>
            </com:ContactInfo>
        </stdsite:PrimaryCenter>
        <stdsite:StudySiteEventDates>
            <stdsite:PlannedFPFV>2011-06-10-04:00</stdsite:PlannedFPFV>
            <stdsite:PlannedFPFT>2011-07-20-04:00</stdsite:PlannedFPFT>
            <stdsite:PlannedLPFT>2014-07-30-04:00</stdsite:PlannedLPFT>
            <stdsite:PlannedLPLT>2016-05-02-04:00</stdsite:PlannedLPLT>
            <stdsite:PlannedLPLV>2016-07-25-04:00</stdsite:PlannedLPLV>
            <stdsite:ActualFPFV>2011-06-10-04:00</stdsite:ActualFPFV>
            <stdsite:ActualFPFT>2011-07-20-04:00</stdsite:ActualFPFT>
        </stdsite:StudySiteEventDates>
        <stdsite:StudySiteLocation>
            <stdsite:LocationAddress>
                <com:AddressLines>
                    <com:Line>3901 Pine Lake Road&#xD;
Suite 220</com:Line>
                </com:AddressLines>
                <com:City>Lincoln</com:City>
                <com:PostalCode>68516</com:PostalCode>
                <com:Country>USA</com:Country>
            </stdsite:LocationAddress>
            <stdsite:LocationContactInfo>
                <com:PhoneNumber>+1 402 421 0830</com:PhoneNumber>
                <com:FaxNumber>+1 402 421 9199</com:FaxNumber>
            </stdsite:LocationContactInfo>
            <stdsite:CenterType codeListId="" codeListVersion="" assigningAuthority="" codeDescription=""></stdsite:CenterType>
            <stdsite:Purpose codeListId="clinadmin.location_purpose" codeListVersion="2013.12.13" codeDescription="Patient Treatment">PAT</stdsite:Purpose>
            <stdsite:Comments></stdsite:Comments>
            <stdsite:StatusDescription>Active</stdsite:StatusDescription>
        </stdsite:StudySiteLocation>
    </stdsite:StudySite>
</stdsite:StudySiteMessage>
