<?xml version="1.0" encoding="UTF-8" standalone="yes"?>
<stdcntry:StudyCountryMessage xmlns:com="http://www.novartis.com/DI/D2P/Broker/Schemas/CommonTypes" xmlns:stdcntry="http://www.novartis.com/DI/D2P/Broker/Schemas/StudyCountry" xmlns:extract="http://www.novartis.com/DI/D2P/Broker/Schemas/Extraction" com:schemaVersion="1.0">
    <com:SystemMessageHeader>
        <com:CreationDateTime>2013-12-13T15:57:37.288Z</com:CreationDateTime>
        <com:SenderID>ClinAdmin</com:SenderID>
        <com:BusinessSystemID>ClinAdmin</com:BusinessSystemID>
        <com:MessageID>ClinAdmin</com:MessageID>
    </com:SystemMessageHeader>
    <stdcntry:StudyCountry>
        <stdcntry:StudyCodeNCC>ACZ885M_2301</stdcntry:StudyCodeNCC>
        <stdcntry:StudyCodeAlias>CACZ885M2301</stdcntry:StudyCodeAlias>
        <stdcntry:StudyIRTVendor> </stdcntry:StudyIRTVendor>
        <stdcntry:StudyIRTUsage>CSIRT1.02</stdcntry:StudyIRTUsage>
        <stdcntry:StudyCountryDetails>
            <stdcntry:Country codeListId="clinadmin.country" codeListVersion="2013.12.13" assigningAuthority="" codeDescription="Hungary">HUN</stdcntry:Country>
            <stdcntry:CountryStatus codeListId="clinadmin.esb_simple_codes.study_country_status" codeListVersion="1.0" assigningAuthority="" codeDescription="Active">ACT</stdcntry:CountryStatus>
            <stdcntry:CommittedRecruitmentNumber>420</stdcntry:CommittedRecruitmentNumber>
            <stdcntry:AdjustedRecruitmentNumber>420</stdcntry:AdjustedRecruitmentNumber>
            <stdcntry:NumberOfSitesSetUp>23</stdcntry:NumberOfSitesSetUp>
            <stdcntry:NumberOfSitesPlanned>23</stdcntry:NumberOfSitesPlanned>
        </stdcntry:StudyCountryDetails>
        <stdcntry:Personnel>
            <com:PersonnelID>SZABOER4</com:PersonnelID>
            <com:Forename>Erzsebet</com:Forename>
            <com:Surname>Szabo</com:Surname>
            <com:Address>
                <com:AddressLines>
                    <com:Line>Novartis Hungary Healthcare
Limited Liability Company
Bartok Haz
Bartok Bela ut 43-47</com:Line>
                    <com:Line> 5th floor
H-1114 Budapest</com:Line>
                </com:AddressLines>
                <com:Country>HUN</com:Country>
            </com:Address>
            <com:ContactInfo>
                <com:EmailAddress>erzsebet.szabo@novartis.com</com:EmailAddress>
                <com:PhoneNumber>+36 1 4576500</com:PhoneNumber>
                <com:FaxNumber>+36 1 4576600</com:FaxNumber>
            </com:ContactInfo>
            <com:RoleAtCountryLevel codeListId="clinadmin.occupation" codeListVersion="2013.12.13" assigningAuthority="" codeDescription="Field Monitor">MON</com:RoleAtCountryLevel>
            <com:StartDate>2010-10-29-04:00</com:StartDate>
            <com:EndDate>2011-12-01-05:00</com:EndDate>
        </stdcntry:Personnel>
        <stdcntry:Personnel>
            <com:PersonnelID>MOITAPA1</com:PersonnelID>
            <com:Forename>Paula</com:Forename>
            <com:Surname>Moita</com:Surname>
            <com:Address>
                <com:AddressLines>
                    <com:Line>Novartis Pharma AG
Forum 1
Novartis Campus
CH-4056 Basel</com:Line>
                </com:AddressLines>
                <com:Country>CHE</com:Country>
            </com:Address>
            <com:ContactInfo>
                <com:EmailAddress>paula.moita@novartis.com</com:EmailAddress>
                <com:FaxNumber>+41 61 3248001</com:FaxNumber>
            </com:ContactInfo>
            <com:RoleAtCountryLevel codeListId="clinadmin.occupation" codeListVersion="2013.12.13" assigningAuthority="" codeDescription="Primary Planner of Clin Ops">CPP</com:RoleAtCountryLevel>
            <com:StartDate>2013-11-29-05:00</com:StartDate>
            <com:EndDate>2013-12-05-05:00</com:EndDate>
        </stdcntry:Personnel>
        <stdcntry:Personnel>
            <com:PersonnelID>BEZYAL1</com:PersonnelID>
            <com:Forename>Alexandra</com:Forename>
            <com:Surname>Bezy</com:Surname>
            <com:Address>
                <com:AddressLines>
                    <com:Line>Novartis Hungary Healthcare
Limited Liability Company
Bartok Haz
Bartok Bela ut 43-47</com:Line>
                    <com:Line> 5th floor
H-1114 Budapest</com:Line>
                </com:AddressLines>
                <com:Country>HUN</com:Country>
            </com:Address>
            <com:ContactInfo>
                <com:EmailAddress>alexandra.bezy@novartis.com</com:EmailAddress>
                <com:PhoneNumber>+36 1 4576554</com:PhoneNumber>
                <com:FaxNumber>+36 1 4576600</com:FaxNumber>
            </com:ContactInfo>
            <com:RoleAtCountryLevel codeListId="clinadmin.occupation" codeListVersion="2013.12.13" assigningAuthority="" codeDescription="CPO Trial Administrator">TPA</com:RoleAtCountryLevel>
            <com:StartDate>2013-09-13-04:00</com:StartDate>
        </stdcntry:Personnel>
        <stdcntry:Personnel>
            <com:PersonnelID>GFELLMI1</com:PersonnelID>
            <com:Forename>Mirjam</com:Forename>
            <com:Surname>Gfeller</com:Surname>
            <com:Address>
                <com:AddressLines/>
                <com:Country>TBD</com:Country>
            </com:Address>
            <com:ContactInfo/>
            <com:RoleAtCountryLevel codeListId="clinadmin.occupation" codeListVersion="2013.12.13" assigningAuthority="" codeDescription="CPO Trial Administrator">TPA</com:RoleAtCountryLevel>
            <com:StartDate>2010-01-01-05:00</com:StartDate>
            <com:EndDate>2013-03-08-05:00</com:EndDate>
        </stdcntry:Personnel>
        <stdcntry:Personnel>
            <com:PersonnelID>MUKHEKI1</com:PersonnelID>
            <com:Forename>Kiran</com:Forename>
            <com:Surname>Mukherjee</com:Surname>
            <com:Address>
                <com:AddressLines>
                    <com:Line>Novartis Healthcare Pvt. Ltd.
Building # 6
Raheja Mind Space</com:Line>
                    <com:Line> Hitech City
Madhapur / Hyderabad</com:Line>
                    <com:Line> Rangareddy 500 08</com:Line>
                </com:AddressLines>
                <com:Country>IND</com:Country>
            </com:Address>
            <com:ContactInfo>
                <com:EmailAddress>kiran.mukherjee@novartis.com</com:EmailAddress>
                <com:PhoneNumber>+91 40 67671000</com:PhoneNumber>
                <com:FaxNumber>+91 40 67686951</com:FaxNumber>
            </com:ContactInfo>
            <com:RoleAtCountryLevel codeListId="clinadmin.occupation" codeListVersion="2013.12.13" assigningAuthority="" codeDescription="Central Field Monitor">CFM</com:RoleAtCountryLevel>
            <com:StartDate>2013-11-15-05:00</com:StartDate>
        </stdcntry:Personnel>
        <stdcntry:Personnel>
            <com:PersonnelID>OREAN1</com:PersonnelID>
            <com:Forename>Anita</com:Forename>
            <com:Surname>Ore</com:Surname>
            <com:Address>
                <com:AddressLines>
                    <com:Line>Novartis Hungary Healthcare
Limited Liability Company
Bartok Haz
Bartok Bela ut 43-47</com:Line>
                    <com:Line> 5th floor
H-1114 Budapest</com:Line>
                </com:AddressLines>
                <com:Country>HUN</com:Country>
            </com:Address>
            <com:ContactInfo>
                <com:EmailAddress>anita.ore@novartis.com</com:EmailAddress>
                <com:PhoneNumber>+36 1 4576500</com:PhoneNumber>
                <com:FaxNumber>+36 1 4576600</com:FaxNumber>
            </com:ContactInfo>
            <com:RoleAtCountryLevel codeListId="clinadmin.occupation" codeListVersion="2013.12.13" assigningAuthority="" codeDescription="Clinical Study Manager">CSM</com:RoleAtCountryLevel>
            <com:StartDate>2012-06-13-04:00</com:StartDate>
        </stdcntry:Personnel>
        <stdcntry:Personnel>
            <com:PersonnelID>KALLAEV1</com:PersonnelID>
            <com:Forename>Eva</com:Forename>
            <com:Surname>Kallai</com:Surname>
            <com:Address>
                <com:AddressLines>
                    <com:Line>Novartis Hungary Healthcare
Limited Liability Company
Bartok Haz
Bartok Bela ut 43-47</com:Line>
                    <com:Line> 5th floor
H-1114 Budapest</com:Line>
                </com:AddressLines>
                <com:Country>HUN</com:Country>
            </com:Address>
            <com:ContactInfo>
                <com:EmailAddress>eva.kallai@novartis.com</com:EmailAddress>
                <com:PhoneNumber>+36 1 4576563</com:PhoneNumber>
                <com:FaxNumber>+36 1 4576600</com:FaxNumber>
            </com:ContactInfo>
            <com:RoleAtCountryLevel codeListId="clinadmin.occupation" codeListVersion="2013.12.13" assigningAuthority="" codeDescription="ICRO Manager">CIM</com:RoleAtCountryLevel>
            <com:StartDate>2012-02-01-05:00</com:StartDate>
        </stdcntry:Personnel>
        <stdcntry:Personnel>
            <com:PersonnelID>LEEYUD</com:PersonnelID>
            <com:Forename>Yura</com:Forename>
            <com:Surname>Lee</com:Surname>
            <com:Address>
                <com:AddressLines>
                    <com:Line>Novartis Korea Ltd.
18fl. Yonsei Jaedan Severance Bldg.
84-11</com:Line>
                    <com:Line> Namdaemunro 5-ga
Joong-gu
Seoul 100-753</com:Line>
                </com:AddressLines>
                <com:Country>KOR</com:Country>
            </com:Address>
            <com:ContactInfo>
                <com:EmailAddress>yura.lee@novartis.com</com:EmailAddress>
                <com:PhoneNumber>+82 2 7689483</com:PhoneNumber>
                <com:FaxNumber>+82 2 7851939</com:FaxNumber>
            </com:ContactInfo>
            <com:RoleAtCountryLevel codeListId="clinadmin.occupation" codeListVersion="2013.12.13" assigningAuthority="" codeDescription="CPO Trial Administrator">TPA</com:RoleAtCountryLevel>
            <com:StartDate>2013-03-21-04:00</com:StartDate>
            <com:EndDate>2013-11-14-05:00</com:EndDate>
        </stdcntry:Personnel>
        <stdcntry:Personnel>
            <com:PersonnelID>KANGJI2</com:PersonnelID>
            <com:Forename>Jiyeon</com:Forename>
            <com:Surname>Kang</com:Surname>
            <com:Address>
                <com:AddressLines>
                    <com:Line>Novartis Korea Ltd.
18fl. Yonsei Jaedan Severance Bldg.
84-11</com:Line>
                    <com:Line> Namdaemunro 5-ga
Joong-gu
Seoul 100-753</com:Line>
                </com:AddressLines>
                <com:Country>KOR</com:Country>
            </com:Address>
            <com:ContactInfo>
                <com:EmailAddress>jiyeon.kang@novartis.com</com:EmailAddress>
                <com:PhoneNumber>+82 2 7689154</com:PhoneNumber>
                <com:FaxNumber>+82 2 7851939</com:FaxNumber>
            </com:ContactInfo>
            <com:RoleAtCountryLevel codeListId="clinadmin.occupation" codeListVersion="2013.12.13" assigningAuthority="" codeDescription="CPO Trial Administrator">TPA</com:RoleAtCountryLevel>
            <com:StartDate>2010-02-12-05:00</com:StartDate>
        </stdcntry:Personnel>
        <stdcntry:Personnel>
            <com:PersonnelID>PAPPSZ1</com:PersonnelID>
            <com:Forename>Szilvia</com:Forename>
            <com:Surname>Papp</com:Surname>
            <com:Address>
                <com:AddressLines/>
                <com:Country>TBD</com:Country>
            </com:Address>
            <com:ContactInfo/>
            <com:RoleAtCountryLevel codeListId="clinadmin.occupation" codeListVersion="2013.12.13" assigningAuthority="" codeDescription="Field Monitor">MON</com:RoleAtCountryLevel>
            <com:StartDate>2012-03-01-05:00</com:StartDate>
        </stdcntry:Personnel>
        <stdcntry:Personnel>
            <com:PersonnelID>KLUHAEN1</com:PersonnelID>
            <com:Forename>Eniko</com:Forename>
            <com:Surname>Kluha</com:Surname>
            <com:Address>
                <com:AddressLines>
                    <com:Line>Novartis Hungary Healthcare
Limited Liability Company
Bartok Haz
Bartok Bela ut 43-47</com:Line>
                    <com:Line> 5th floor
H-1114 Budapest</com:Line>
                </com:AddressLines>
                <com:Country>HUN</com:Country>
            </com:Address>
            <com:ContactInfo>
                <com:EmailAddress>eniko.kluha@novartis.com</com:EmailAddress>
                <com:PhoneNumber>+36 1 4576542</com:PhoneNumber>
                <com:FaxNumber>+36 1 4576600</com:FaxNumber>
            </com:ContactInfo>
            <com:RoleAtCountryLevel codeListId="clinadmin.occupation" codeListVersion="2013.12.13" assigningAuthority="" codeDescription="CPO Trial Administrator">TPA</com:RoleAtCountryLevel>
            <com:StartDate>2013-09-13-04:00</com:StartDate>
        </stdcntry:Personnel>
        <stdcntry:Personnel>
            <com:PersonnelID>DEPERMA1</com:PersonnelID>
            <com:Forename>Maxence</com:Forename>
            <com:Surname>Deperrois</com:Surname>
            <com:Address>
                <com:AddressLines>
                    <com:Line>Novartis Pharma AG
Forum 1
Novartis Campus
CH-4056 Basel</com:Line>
                </com:AddressLines>
                <com:Country>CHE</com:Country>
            </com:Address>
            <com:ContactInfo>
                <com:EmailAddress>maxence.deperrois@novartis.com</com:EmailAddress>
                <com:PhoneNumber>+41 61 3242595</com:PhoneNumber>
                <com:FaxNumber>+41 61 3245888</com:FaxNumber>
            </com:ContactInfo>
            <com:RoleAtCountryLevel codeListId="clinadmin.occupation" codeListVersion="2013.12.13" assigningAuthority="" codeDescription="CPO Trial Administrator">TPA</com:RoleAtCountryLevel>
            <com:StartDate>2012-01-01-05:00</com:StartDate>
        </stdcntry:Personnel>
        <stdcntry:Personnel>
            <com:PersonnelID>BIEDEST2</com:PersonnelID>
            <com:Forename>Stefan</com:Forename>
            <com:Surname>Biedert</com:Surname>
            <com:Address>
                <com:AddressLines>
                    <com:Line>Novartis Pharma AG
Forum 1
Novartis Campus
CH-4056 Basel</com:Line>
                </com:AddressLines>
                <com:Country>CHE</com:Country>
            </com:Address>
            <com:ContactInfo>
                <com:EmailAddress>stefan.biedert@novartis.com</com:EmailAddress>
                <com:PhoneNumber>+41 61 6965640</com:PhoneNumber>
                <com:FaxNumber>+41 61 3245353</com:FaxNumber>
            </com:ContactInfo>
            <com:RoleAtCountryLevel codeListId="clinadmin.occupation" codeListVersion="2013.12.13" assigningAuthority="" codeDescription="CPO Trial Administrator">TPA</com:RoleAtCountryLevel>
            <com:StartDate>2010-10-11-04:00</com:StartDate>
        </stdcntry:Personnel>
        <stdcntry:Personnel>
            <com:PersonnelID>SHUKLBH1</com:PersonnelID>
            <com:Forename>Bharat</com:Forename>
            <com:Surname>Shukla</com:Surname>
            <com:Address>
                <com:AddressLines>
                    <com:Line>Novartis Healthcare Pvt. Ltd.
Building # 6
Raheja Mind Space</com:Line>
                    <com:Line> Hitech City
Madhapur / Hyderabad</com:Line>
                    <com:Line> Rangareddy 500 08</com:Line>
                </com:AddressLines>
                <com:Country>IND</com:Country>
            </com:Address>
            <com:ContactInfo>
                <com:EmailAddress>bharat.shukla@novartis.com</com:EmailAddress>
                <com:PhoneNumber>+91 40 67671000</com:PhoneNumber>
                <com:FaxNumber>+91 40 67686951</com:FaxNumber>
            </com:ContactInfo>
            <com:RoleAtCountryLevel codeListId="clinadmin.occupation" codeListVersion="2013.12.13" assigningAuthority="" codeDescription="Central Field Monitor">CFM</com:RoleAtCountryLevel>
            <com:StartDate>2013-12-01-05:00</com:StartDate>
        </stdcntry:Personnel>
        <stdcntry:Personnel>
            <com:PersonnelID>SZAMOGA1</com:PersonnelID>
            <com:Forename>Gabor</com:Forename>
            <com:Surname>Szamoskozi</com:Surname>
            <com:Address>
                <com:AddressLines/>
                <com:Country>TBD</com:Country>
            </com:Address>
            <com:ContactInfo/>
            <com:RoleAtCountryLevel codeListId="clinadmin.occupation" codeListVersion="2013.12.13" assigningAuthority="" codeDescription="ICRO Coordinator">CIC</com:RoleAtCountryLevel>
            <com:StartDate>2010-10-29-04:00</com:StartDate>
            <com:EndDate>2011-11-30-05:00</com:EndDate>
        </stdcntry:Personnel>
        <stdcntry:Personnel>
            <com:PersonnelID>HERMAAN6</com:PersonnelID>
            <com:Forename>Andras</com:Forename>
            <com:Surname>Hermann</com:Surname>
            <com:Address>
                <com:AddressLines/>
                <com:Country>TBD</com:Country>
            </com:Address>
            <com:ContactInfo/>
            <com:RoleAtCountryLevel codeListId="clinadmin.occupation" codeListVersion="2013.12.13" assigningAuthority="" codeDescription="CPO Trial Administrator">TPA</com:RoleAtCountryLevel>
            <com:StartDate>2003-11-10-05:00</com:StartDate>
            <com:EndDate>2013-09-13-04:00</com:EndDate>
        </stdcntry:Personnel>
        <stdcntry:Personnel>
            <com:PersonnelID>JAISWKU1</com:PersonnelID>
            <com:Forename>Kunal</com:Forename>
            <com:Surname>Jaiswal</com:Surname>
            <com:Address>
                <com:AddressLines>
                    <com:Line>Novartis Healthcare Pvt. Ltd.
Building # 6
Raheja Mind Space</com:Line>
                    <com:Line> Hitech City
Madhapur / Hyderabad</com:Line>
                    <com:Line> Rangareddy 500 08</com:Line>
                </com:AddressLines>
                <com:Country>IND</com:Country>
            </com:Address>
            <com:ContactInfo>
                <com:EmailAddress>kunal.jaiswal@novartis.com</com:EmailAddress>
                <com:PhoneNumber>+91 40 67671000</com:PhoneNumber>
                <com:FaxNumber>+91 40 67686951</com:FaxNumber>
            </com:ContactInfo>
            <com:RoleAtCountryLevel codeListId="clinadmin.occupation" codeListVersion="2013.12.13" assigningAuthority="" codeDescription="CPO Trial Administrator">TPA</com:RoleAtCountryLevel>
            <com:StartDate>2013-11-12-05:00</com:StartDate>
        </stdcntry:Personnel>
        <stdcntry:Personnel>
            <com:PersonnelID>KHAREAN3</com:PersonnelID>
            <com:Forename>Anubhav</com:Forename>
            <com:Surname>Khare</com:Surname>
            <com:Address>
                <com:AddressLines>
                    <com:Line>Novartis Healthcare Pvt. Ltd.
Building # 6
Raheja Mind Space</com:Line>
                    <com:Line> Hitech City
Madhapur / Hyderabad</com:Line>
                    <com:Line> Rangareddy 500 08</com:Line>
                </com:AddressLines>
                <com:Country>IND</com:Country>
            </com:Address>
            <com:ContactInfo>
                <com:EmailAddress>anubhav.khare@novartis.com</com:EmailAddress>
                <com:PhoneNumber>+91 40 67671000</com:PhoneNumber>
                <com:FaxNumber>+91 40 67686951</com:FaxNumber>
            </com:ContactInfo>
            <com:RoleAtCountryLevel codeListId="clinadmin.occupation" codeListVersion="2013.12.13" assigningAuthority="" codeDescription="Central Field Monitor">CFM</com:RoleAtCountryLevel>
            <com:StartDate>2013-12-01-05:00</com:StartDate>
        </stdcntry:Personnel>
        <stdcntry:Personnel>
            <com:PersonnelID>CASTIVI1</com:PersonnelID>
            <com:Forename>Vivienne</com:Forename>
            <com:Middlename>Carduz</com:Middlename>
            <com:Surname>Castilho</com:Surname>
            <com:Address>
                <com:AddressLines>
                    <com:Line>Novartis Biociencias S.A.
Professor Vicente Rao Avenue</com:Line>
                    <com:Line> 90
Brooklin Paulista
BR-04636-000 Sao Paulo SP</com:Line>
                </com:AddressLines>
                <com:Country>BRA</com:Country>
            </com:Address>
            <com:ContactInfo>
                <com:EmailAddress>vivienne.castilho@novartis.com</com:EmailAddress>
                <com:PhoneNumber>+55 11 5532-7513</com:PhoneNumber>
                <com:FaxNumber>+55 11 55324303</com:FaxNumber>
                <com:SecondaryEmailAddress>vivienne.castilho@novartis.com</com:SecondaryEmailAddress>
                <com:SecondaryPhoneNumber>+55 11 55324058/c.11 9271 9536</com:SecondaryPhoneNumber>
                <com:SecondaryFaxNumber>+55 11 55327950</com:SecondaryFaxNumber>
            </com:ContactInfo>
            <com:RoleAtCountryLevel codeListId="clinadmin.occupation" codeListVersion="2013.12.13" assigningAuthority="" codeDescription="CPO Trial Administrator">TPA</com:RoleAtCountryLevel>
            <com:StartDate>2012-02-03-05:00</com:StartDate>
            <com:EndDate>2013-03-19-04:00</com:EndDate>
        </stdcntry:Personnel>
        <stdcntry:Personnel>
            <com:PersonnelID>YEROKYA1</com:PersonnelID>
            <com:Forename>Yaroslav</com:Forename>
            <com:Surname>Yerokhin</com:Surname>
            <com:Address>
                <com:AddressLines>
                    <com:Line>Novartis Hungary Healthcare
Limited Liability Company
Bartok Haz
Bartok Bela ut 43-47</com:Line>
                    <com:Line> 5th floor
H-1114 Budapest</com:Line>
                </com:AddressLines>
                <com:Country>HUN</com:Country>
            </com:Address>
            <com:ContactInfo>
                <com:EmailAddress>yaroslav.yerokhin@novartis.com</com:EmailAddress>
                <com:PhoneNumber>+36 1 4576552</com:PhoneNumber>
                <com:FaxNumber>+36 1 4576600</com:FaxNumber>
            </com:ContactInfo>
            <com:RoleAtCountryLevel codeListId="clinadmin.occupation" codeListVersion="2013.12.13" assigningAuthority="" codeDescription="CPO Trial Administrator">TPA</com:RoleAtCountryLevel>
            <com:StartDate>2010-10-07-04:00</com:StartDate>
        </stdcntry:Personnel>
        <stdcntry:Personnel>
            <com:PersonnelID>BERESAN1</com:PersonnelID>
            <com:Forename>Andrea</com:Forename>
            <com:Surname>Beres</com:Surname>
            <com:Address>
                <com:AddressLines>
                    <com:Line>Novartis Hungary Healthcare
Limited Liability Company
Bartok Haz
Bartok Bela ut 43-47</com:Line>
                    <com:Line> 5th floor
H-1114 Budapest</com:Line>
                </com:AddressLines>
                <com:Country>HUN</com:Country>
            </com:Address>
            <com:ContactInfo>
                <com:EmailAddress>andrea.beres@novartis.com</com:EmailAddress>
                <com:PhoneNumber>+36 1 4576500</com:PhoneNumber>
                <com:FaxNumber>+36 1 4576600</com:FaxNumber>
            </com:ContactInfo>
            <com:RoleAtCountryLevel codeListId="clinadmin.occupation" codeListVersion="2013.12.13" assigningAuthority="" codeDescription="Primary Monitor">PMN</com:RoleAtCountryLevel>
            <com:StartDate>2012-03-01-05:00</com:StartDate>
        </stdcntry:Personnel>
        <stdcntry:Personnel>
            <com:PersonnelID>SMITHVE2</com:PersonnelID>
            <com:Forename>Verlisa</com:Forename>
            <com:Surname>Smith-Boesch</com:Surname>
            <com:Address>
                <com:AddressLines>
                    <com:Line>Novartis Pharma Services AG
Werk St. Johann
Forum 1
Novartis Campus
Forum 2
CH-4056 Basel</com:Line>
                </com:AddressLines>
                <com:Country>CHE</com:Country>
            </com:Address>
            <com:ContactInfo>
                <com:EmailAddress>verlisa.smith-boesch@novartis.com</com:EmailAddress>
                <com:PhoneNumber>+41 61 6965596</com:PhoneNumber>
                <com:FaxNumber>+41 61 3245353</com:FaxNumber>
            </com:ContactInfo>
            <com:RoleAtCountryLevel codeListId="clinadmin.occupation" codeListVersion="2013.12.13" assigningAuthority="" codeDescription="CPO Trial Administrator">TPA</com:RoleAtCountryLevel>
            <com:StartDate>2010-10-11-04:00</com:StartDate>
        </stdcntry:Personnel>
        <stdcntry:Personnel>
            <com:PersonnelID>BAKERNO1</com:PersonnelID>
            <com:Forename>Nora</com:Forename>
            <com:Surname>Baker</com:Surname>
            <com:Address>
                <com:AddressLines/>
                <com:Country>TBD</com:Country>
            </com:Address>
            <com:ContactInfo/>
            <com:RoleAtCountryLevel codeListId="clinadmin.occupation" codeListVersion="2013.12.13" assigningAuthority="" codeDescription="CPO Trial Administrator">TPA</com:RoleAtCountryLevel>
            <com:StartDate>2010-10-29-04:00</com:StartDate>
            <com:EndDate>2011-09-18-04:00</com:EndDate>
        </stdcntry:Personnel>
        <stdcntry:StudyCountryEventDates>
            <stdcntry:PlannedHASubmission>2011-07-11-04:00</stdcntry:PlannedHASubmission>
            <stdcntry:PlannedHAApproval>2011-09-20-04:00</stdcntry:PlannedHAApproval>
            <stdcntry:PlannedFPFV>2011-11-30-05:00</stdcntry:PlannedFPFV>
            <stdcntry:PlannedFPFT>2011-12-19-05:00</stdcntry:PlannedFPFT>
            <stdcntry:PlannedLPFT>2013-05-18-04:00</stdcntry:PlannedLPFT>
            <stdcntry:PlannedLPLT>2016-08-13-04:00</stdcntry:PlannedLPLT>
            <stdcntry:PlannedLPLV>2016-11-05-04:00</stdcntry:PlannedLPLV>
            <stdcntry:ActualHASubmission>2011-07-11-04:00</stdcntry:ActualHASubmission>
            <stdcntry:ActualHAApproval>2011-09-20-04:00</stdcntry:ActualHAApproval>
            <stdcntry:ActualFPFV>2011-11-30-05:00</stdcntry:ActualFPFV>
            <stdcntry:ActualFPFT>2011-12-19-05:00</stdcntry:ActualFPFT>
            <stdcntry:PlannedCountryRISDate>2011-11-28-05:00</stdcntry:PlannedCountryRISDate>
            <stdcntry:ActualCountryRISDate>2011-11-28-05:00</stdcntry:ActualCountryRISDate>
        </stdcntry:StudyCountryEventDates>
    </stdcntry:StudyCountry>
</stdcntry:StudyCountryMessage>
