<?xml version="1.0" encoding="UTF-8" standalone="yes"?>
<stdcntry:StudyCountryMessage xmlns:com="http://www.novartis.com/DI/D2P/Broker/Schemas/CommonTypes" xmlns:stdcntry="http://www.novartis.com/DI/D2P/Broker/Schemas/StudyCountry" xmlns:extract="http://www.novartis.com/DI/D2P/Broker/Schemas/Extraction" com:schemaVersion="1.0">
    <com:SystemMessageHeader>
        <com:CreationDateTime>2013-12-13T15:57:40.283Z</com:CreationDateTime>
        <com:SenderID>ClinAdmin</com:SenderID>
        <com:BusinessSystemID>ClinAdmin</com:BusinessSystemID>
        <com:MessageID>ClinAdmin</com:MessageID>
    </com:SystemMessageHeader>
    <stdcntry:StudyCountry>
        <stdcntry:StudyCodeNCC>ACZ885M_2301</stdcntry:StudyCodeNCC>
        <stdcntry:StudyCodeAlias>CACZ885M2301</stdcntry:StudyCodeAlias>
        <stdcntry:StudyIRTVendor> </stdcntry:StudyIRTVendor>
        <stdcntry:StudyIRTUsage>CSIRT1.02</stdcntry:StudyIRTUsage>
        <stdcntry:StudyCountryDetails>
            <stdcntry:Country codeListId="clinadmin.country" codeListVersion="2013.12.13" assigningAuthority="" codeDescription="Russia">RUS</stdcntry:Country>
            <stdcntry:CountryStatus codeListId="clinadmin.esb_simple_codes.study_country_status" codeListVersion="1.0" assigningAuthority="" codeDescription="Active">ACT</stdcntry:CountryStatus>
            <stdcntry:CommittedRecruitmentNumber>600</stdcntry:CommittedRecruitmentNumber>
            <stdcntry:AdjustedRecruitmentNumber>600</stdcntry:AdjustedRecruitmentNumber>
            <stdcntry:NumberOfSitesSetUp>58</stdcntry:NumberOfSitesSetUp>
            <stdcntry:NumberOfSitesPlanned>58</stdcntry:NumberOfSitesPlanned>
        </stdcntry:StudyCountryDetails>
        <stdcntry:Personnel>
            <com:PersonnelID>MOITAPA1</com:PersonnelID>
            <com:Forename>Paula</com:Forename>
            <com:Surname>Moita</com:Surname>
            <com:Address>
                <com:AddressLines>
                    <com:Line>Novartis Pharma AG
Forum 1
Novartis Campus
CH-4056 Basel</com:Line>
                </com:AddressLines>
                <com:Country>CHE</com:Country>
            </com:Address>
            <com:ContactInfo>
                <com:EmailAddress>paula.moita@novartis.com</com:EmailAddress>
                <com:FaxNumber>+41 61 3248001</com:FaxNumber>
            </com:ContactInfo>
            <com:RoleAtCountryLevel codeListId="clinadmin.occupation" codeListVersion="2013.12.13" assigningAuthority="" codeDescription="Primary Planner of Clin Ops">CPP</com:RoleAtCountryLevel>
            <com:StartDate>2013-11-29-05:00</com:StartDate>
            <com:EndDate>2013-12-05-05:00</com:EndDate>
        </stdcntry:Personnel>
        <stdcntry:Personnel>
            <com:PersonnelID>GORSHJU1</com:PersonnelID>
            <com:Forename>Julia</com:Forename>
            <com:Middlename>K.</com:Middlename>
            <com:Surname>Muravskaya</com:Surname>
            <com:Address>
                <com:AddressLines>
                    <com:Line>Novartis Pharma LLC</com:Line>
                    <com:Line> St. Petersburg
Office
Artillerijskaya str.</com:Line>
                    <com:Line> 1
Office 334</com:Line>
                    <com:Line> 614
191104 St. Petersburg</com:Line>
                </com:AddressLines>
                <com:Country>RUS</com:Country>
            </com:Address>
            <com:ContactInfo>
                <com:EmailAddress>julia.muravskaya@novartis.com</com:EmailAddress>
                <com:PhoneNumber>+7 812 5793107</com:PhoneNumber>
                <com:FaxNumber>+7 812 7181914</com:FaxNumber>
            </com:ContactInfo>
            <com:RoleAtCountryLevel codeListId="clinadmin.occupation" codeListVersion="2013.12.13" assigningAuthority="" codeDescription="CPO Trial Administrator">TPA</com:RoleAtCountryLevel>
            <com:StartDate>2013-02-14-05:00</com:StartDate>
        </stdcntry:Personnel>
        <stdcntry:Personnel>
            <com:PersonnelID>GFELLMI1</com:PersonnelID>
            <com:Forename>Mirjam</com:Forename>
            <com:Surname>Gfeller</com:Surname>
            <com:Address>
                <com:AddressLines/>
                <com:Country>TBD</com:Country>
            </com:Address>
            <com:ContactInfo/>
            <com:RoleAtCountryLevel codeListId="clinadmin.occupation" codeListVersion="2013.12.13" assigningAuthority="" codeDescription="CPO Trial Administrator">TPA</com:RoleAtCountryLevel>
            <com:StartDate>2010-01-01-05:00</com:StartDate>
            <com:EndDate>2013-03-08-05:00</com:EndDate>
        </stdcntry:Personnel>
        <stdcntry:Personnel>
            <com:PersonnelID>MEDVENA1</com:PersonnelID>
            <com:Forename>Natalia</com:Forename>
            <com:Middlename>O.</com:Middlename>
            <com:Surname>Medvedeva</com:Surname>
            <com:Address>
                <com:AddressLines>
                    <com:Line>Novartis Pharma LLC
Building 3
Leningradskiy pr.</com:Line>
                    <com:Line> 72
125315 Moscow</com:Line>
                </com:AddressLines>
                <com:Country>RUS</com:Country>
            </com:Address>
            <com:ContactInfo>
                <com:EmailAddress>natalia.medvedeva@novartis.com</com:EmailAddress>
                <com:PhoneNumber>+7 495 9671270</com:PhoneNumber>
                <com:FaxNumber>+7 495 9671268</com:FaxNumber>
            </com:ContactInfo>
            <com:RoleAtCountryLevel codeListId="clinadmin.occupation" codeListVersion="2013.12.13" assigningAuthority="" codeDescription="CPO Trial Administrator">TPA</com:RoleAtCountryLevel>
            <com:StartDate>2011-02-15-05:00</com:StartDate>
            <com:EndDate>2012-01-10-05:00</com:EndDate>
        </stdcntry:Personnel>
        <stdcntry:Personnel>
            <com:PersonnelID>MUKHEKI1</com:PersonnelID>
            <com:Forename>Kiran</com:Forename>
            <com:Surname>Mukherjee</com:Surname>
            <com:Address>
                <com:AddressLines>
                    <com:Line>Novartis Healthcare Pvt. Ltd.
Building # 6
Raheja Mind Space</com:Line>
                    <com:Line> Hitech City
Madhapur / Hyderabad</com:Line>
                    <com:Line> Rangareddy 500 08</com:Line>
                </com:AddressLines>
                <com:Country>IND</com:Country>
            </com:Address>
            <com:ContactInfo>
                <com:EmailAddress>kiran.mukherjee@novartis.com</com:EmailAddress>
                <com:PhoneNumber>+91 40 67671000</com:PhoneNumber>
                <com:FaxNumber>+91 40 67686951</com:FaxNumber>
            </com:ContactInfo>
            <com:RoleAtCountryLevel codeListId="clinadmin.occupation" codeListVersion="2013.12.13" assigningAuthority="" codeDescription="Central Field Monitor">CFM</com:RoleAtCountryLevel>
            <com:StartDate>2013-11-15-05:00</com:StartDate>
        </stdcntry:Personnel>
        <stdcntry:Personnel>
            <com:PersonnelID>SHESTEK1</com:PersonnelID>
            <com:Forename>Ekaterina</com:Forename>
            <com:Surname>Shestoperova</com:Surname>
            <com:Address>
                <com:AddressLines>
                    <com:Line>Novartis Pharma LLC
Building 3
Leningradskiy pr.</com:Line>
                    <com:Line> 72
125315 Moscow</com:Line>
                </com:AddressLines>
                <com:Country>RUS</com:Country>
            </com:Address>
            <com:ContactInfo>
                <com:EmailAddress>ekaterina.shestoperova@novartis.com</com:EmailAddress>
                <com:PhoneNumber>+7 495 969 2195</com:PhoneNumber>
                <com:FaxNumber>+7 495 969 2196</com:FaxNumber>
            </com:ContactInfo>
            <com:RoleAtCountryLevel codeListId="clinadmin.occupation" codeListVersion="2013.12.13" assigningAuthority="" codeDescription="CPO Trial Administrator">TPA</com:RoleAtCountryLevel>
            <com:StartDate>2010-10-25-04:00</com:StartDate>
        </stdcntry:Personnel>
        <stdcntry:Personnel>
            <com:PersonnelID>HANZHMA1</com:PersonnelID>
            <com:Forename>Marina</com:Forename>
            <com:Surname>Hanzhova</com:Surname>
            <com:Address>
                <com:AddressLines>
                    <com:Line>Novartis Pharma LLC</com:Line>
                    <com:Line> St. Petersburg
Office
Artillerijskaya str.</com:Line>
                    <com:Line> 1
Office 334</com:Line>
                    <com:Line> 614
191104 St. Petersburg</com:Line>
                </com:AddressLines>
                <com:Country>RUS</com:Country>
            </com:Address>
            <com:ContactInfo>
                <com:EmailAddress>marina.gardashnikova@novartis.com</com:EmailAddress>
                <com:PhoneNumber>+7 812 7181914</com:PhoneNumber>
                <com:FaxNumber>+7 812 7181914</com:FaxNumber>
            </com:ContactInfo>
            <com:RoleAtCountryLevel codeListId="clinadmin.occupation" codeListVersion="2013.12.13" assigningAuthority="" codeDescription="CPO Trial Administrator">TPA</com:RoleAtCountryLevel>
            <com:StartDate>2010-10-25-04:00</com:StartDate>
            <com:EndDate>2011-02-20-05:00</com:EndDate>
        </stdcntry:Personnel>
        <stdcntry:Personnel>
            <com:PersonnelID>LEEYUD</com:PersonnelID>
            <com:Forename>Yura</com:Forename>
            <com:Surname>Lee</com:Surname>
            <com:Address>
                <com:AddressLines>
                    <com:Line>Novartis Korea Ltd.
18fl. Yonsei Jaedan Severance Bldg.
84-11</com:Line>
                    <com:Line> Namdaemunro 5-ga
Joong-gu
Seoul 100-753</com:Line>
                </com:AddressLines>
                <com:Country>KOR</com:Country>
            </com:Address>
            <com:ContactInfo>
                <com:EmailAddress>yura.lee@novartis.com</com:EmailAddress>
                <com:PhoneNumber>+82 2 7689483</com:PhoneNumber>
                <com:FaxNumber>+82 2 7851939</com:FaxNumber>
            </com:ContactInfo>
            <com:RoleAtCountryLevel codeListId="clinadmin.occupation" codeListVersion="2013.12.13" assigningAuthority="" codeDescription="CPO Trial Administrator">TPA</com:RoleAtCountryLevel>
            <com:StartDate>2013-03-21-04:00</com:StartDate>
            <com:EndDate>2013-11-14-05:00</com:EndDate>
        </stdcntry:Personnel>
        <stdcntry:Personnel>
            <com:PersonnelID>KANGJI2</com:PersonnelID>
            <com:Forename>Jiyeon</com:Forename>
            <com:Surname>Kang</com:Surname>
            <com:Address>
                <com:AddressLines>
                    <com:Line>Novartis Korea Ltd.
18fl. Yonsei Jaedan Severance Bldg.
84-11</com:Line>
                    <com:Line> Namdaemunro 5-ga
Joong-gu
Seoul 100-753</com:Line>
                </com:AddressLines>
                <com:Country>KOR</com:Country>
            </com:Address>
            <com:ContactInfo>
                <com:EmailAddress>jiyeon.kang@novartis.com</com:EmailAddress>
                <com:PhoneNumber>+82 2 7689154</com:PhoneNumber>
                <com:FaxNumber>+82 2 7851939</com:FaxNumber>
            </com:ContactInfo>
            <com:RoleAtCountryLevel codeListId="clinadmin.occupation" codeListVersion="2013.12.13" assigningAuthority="" codeDescription="CPO Trial Administrator">TPA</com:RoleAtCountryLevel>
            <com:StartDate>2010-02-12-05:00</com:StartDate>
        </stdcntry:Personnel>
        <stdcntry:Personnel>
            <com:PersonnelID>SHABADA2</com:PersonnelID>
            <com:Forename>Darya</com:Forename>
            <com:Middlename>S.</com:Middlename>
            <com:Surname>Shabalina</com:Surname>
            <com:Address>
                <com:AddressLines/>
                <com:Country>TBD</com:Country>
            </com:Address>
            <com:ContactInfo/>
            <com:RoleAtCountryLevel codeListId="clinadmin.occupation" codeListVersion="2013.12.13" assigningAuthority="" codeDescription="CPO Trial Administrator">TPA</com:RoleAtCountryLevel>
            <com:StartDate>2012-08-29-04:00</com:StartDate>
            <com:EndDate>2013-02-14-05:00</com:EndDate>
        </stdcntry:Personnel>
        <stdcntry:Personnel>
            <com:PersonnelID>DEPERMA1</com:PersonnelID>
            <com:Forename>Maxence</com:Forename>
            <com:Surname>Deperrois</com:Surname>
            <com:Address>
                <com:AddressLines>
                    <com:Line>Novartis Pharma AG
Forum 1
Novartis Campus
CH-4056 Basel</com:Line>
                </com:AddressLines>
                <com:Country>CHE</com:Country>
            </com:Address>
            <com:ContactInfo>
                <com:EmailAddress>maxence.deperrois@novartis.com</com:EmailAddress>
                <com:PhoneNumber>+41 61 3242595</com:PhoneNumber>
                <com:FaxNumber>+41 61 3245888</com:FaxNumber>
            </com:ContactInfo>
            <com:RoleAtCountryLevel codeListId="clinadmin.occupation" codeListVersion="2013.12.13" assigningAuthority="" codeDescription="CPO Trial Administrator">TPA</com:RoleAtCountryLevel>
            <com:StartDate>2012-01-01-05:00</com:StartDate>
        </stdcntry:Personnel>
        <stdcntry:Personnel>
            <com:PersonnelID>BUDNIAN1</com:PersonnelID>
            <com:Forename>Anna</com:Forename>
            <com:Middlename>S.</com:Middlename>
            <com:Surname>Budnikova</com:Surname>
            <com:Address>
                <com:AddressLines>
                    <com:Line>Novartis Pharma LLC
Building 3
Leningradskiy pr.</com:Line>
                    <com:Line> 72
125315 Moscow</com:Line>
                </com:AddressLines>
                <com:Country>RUS</com:Country>
            </com:Address>
            <com:ContactInfo>
                <com:EmailAddress>anna.budnikova@novartis.com</com:EmailAddress>
                <com:PhoneNumber>+7 495 9671270</com:PhoneNumber>
                <com:FaxNumber>+7 495 9671268</com:FaxNumber>
            </com:ContactInfo>
            <com:RoleAtCountryLevel codeListId="clinadmin.occupation" codeListVersion="2013.12.13" assigningAuthority="" codeDescription="CPO Trial Administrator">TPA</com:RoleAtCountryLevel>
            <com:StartDate>2013-08-07-04:00</com:StartDate>
        </stdcntry:Personnel>
        <stdcntry:Personnel>
            <com:PersonnelID>LALSH3</com:PersonnelID>
            <com:Forename>Shankar</com:Forename>
            <com:Surname>LAL</com:Surname>
            <com:Address>
                <com:AddressLines>
                    <com:Line>Novartis Healthcare Pvt. Ltd.
Building # 6
Raheja Mind Space</com:Line>
                    <com:Line> Hitech City
Madhapur / Hyderabad</com:Line>
                    <com:Line> Rangareddy 500 08</com:Line>
                </com:AddressLines>
                <com:Country>IND</com:Country>
            </com:Address>
            <com:ContactInfo>
                <com:EmailAddress>shankar.lal@novartis.com</com:EmailAddress>
                <com:PhoneNumber>+91 40 67671000</com:PhoneNumber>
                <com:FaxNumber>+91 40 67686951</com:FaxNumber>
            </com:ContactInfo>
            <com:RoleAtCountryLevel codeListId="clinadmin.occupation" codeListVersion="2013.12.13" assigningAuthority="" codeDescription="CPO Trial Administrator">TPA</com:RoleAtCountryLevel>
            <com:StartDate>2013-12-11-05:00</com:StartDate>
        </stdcntry:Personnel>
        <stdcntry:Personnel>
            <com:PersonnelID>SHUKLBH1</com:PersonnelID>
            <com:Forename>Bharat</com:Forename>
            <com:Surname>Shukla</com:Surname>
            <com:Address>
                <com:AddressLines>
                    <com:Line>Novartis Healthcare Pvt. Ltd.
Building # 6
Raheja Mind Space</com:Line>
                    <com:Line> Hitech City
Madhapur / Hyderabad</com:Line>
                    <com:Line> Rangareddy 500 08</com:Line>
                </com:AddressLines>
                <com:Country>IND</com:Country>
            </com:Address>
            <com:ContactInfo>
                <com:EmailAddress>bharat.shukla@novartis.com</com:EmailAddress>
                <com:PhoneNumber>+91 40 67671000</com:PhoneNumber>
                <com:FaxNumber>+91 40 67686951</com:FaxNumber>
            </com:ContactInfo>
            <com:RoleAtCountryLevel codeListId="clinadmin.occupation" codeListVersion="2013.12.13" assigningAuthority="" codeDescription="Central Field Monitor">CFM</com:RoleAtCountryLevel>
            <com:StartDate>2013-12-01-05:00</com:StartDate>
        </stdcntry:Personnel>
        <stdcntry:Personnel>
            <com:PersonnelID>KHAREAN3</com:PersonnelID>
            <com:Forename>Anubhav</com:Forename>
            <com:Surname>Khare</com:Surname>
            <com:Address>
                <com:AddressLines>
                    <com:Line>Novartis Healthcare Pvt. Ltd.
Building # 6
Raheja Mind Space</com:Line>
                    <com:Line> Hitech City
Madhapur / Hyderabad</com:Line>
                    <com:Line> Rangareddy 500 08</com:Line>
                </com:AddressLines>
                <com:Country>IND</com:Country>
            </com:Address>
            <com:ContactInfo>
                <com:EmailAddress>anubhav.khare@novartis.com</com:EmailAddress>
                <com:PhoneNumber>+91 40 67671000</com:PhoneNumber>
                <com:FaxNumber>+91 40 67686951</com:FaxNumber>
            </com:ContactInfo>
            <com:RoleAtCountryLevel codeListId="clinadmin.occupation" codeListVersion="2013.12.13" assigningAuthority="" codeDescription="Central Field Monitor">CFM</com:RoleAtCountryLevel>
            <com:StartDate>2013-12-01-05:00</com:StartDate>
        </stdcntry:Personnel>
        <stdcntry:Personnel>
            <com:PersonnelID>SILUYVA1</com:PersonnelID>
            <com:Forename>Valentina</com:Forename>
            <com:Surname>Siluyanova</com:Surname>
            <com:Address>
                <com:AddressLines>
                    <com:Line>Novartis Pharma LLC
Building 3
Leningradskiy pr.</com:Line>
                    <com:Line> 72
125315 Moscow</com:Line>
                </com:AddressLines>
                <com:Country>RUS</com:Country>
            </com:Address>
            <com:ContactInfo>
                <com:EmailAddress>valentina.siluyanova@novartis.com</com:EmailAddress>
                <com:PhoneNumber>+7 495 9671270</com:PhoneNumber>
                <com:FaxNumber>+7 495 9671268</com:FaxNumber>
            </com:ContactInfo>
            <com:RoleAtCountryLevel codeListId="clinadmin.occupation" codeListVersion="2013.12.13" assigningAuthority="" codeDescription="Country Lead CRA">IRM</com:RoleAtCountryLevel>
            <com:StartDate>2013-02-17-05:00</com:StartDate>
        </stdcntry:Personnel>
        <stdcntry:Personnel>
            <com:PersonnelID>CHILIVE1</com:PersonnelID>
            <com:Forename>Vergine</com:Forename>
            <com:Middlename>A.</com:Middlename>
            <com:Surname>Chilingaryan</com:Surname>
            <com:Address>
                <com:AddressLines/>
                <com:Country>TBD</com:Country>
            </com:Address>
            <com:ContactInfo/>
            <com:RoleAtCountryLevel codeListId="clinadmin.occupation" codeListVersion="2013.12.13" assigningAuthority="" codeDescription="CPO Trial Administrator">TPA</com:RoleAtCountryLevel>
            <com:StartDate>2012-09-01-04:00</com:StartDate>
            <com:EndDate>2013-05-27-04:00</com:EndDate>
        </stdcntry:Personnel>
        <stdcntry:Personnel>
            <com:PersonnelID>CASTIVI1</com:PersonnelID>
            <com:Forename>Vivienne</com:Forename>
            <com:Middlename>Carduz</com:Middlename>
            <com:Surname>Castilho</com:Surname>
            <com:Address>
                <com:AddressLines>
                    <com:Line>Novartis Biociencias S.A.
Professor Vicente Rao Avenue</com:Line>
                    <com:Line> 90
Brooklin Paulista
BR-04636-000 Sao Paulo SP</com:Line>
                </com:AddressLines>
                <com:Country>BRA</com:Country>
            </com:Address>
            <com:ContactInfo>
                <com:EmailAddress>vivienne.castilho@novartis.com</com:EmailAddress>
                <com:PhoneNumber>+55 11 5532-7513</com:PhoneNumber>
                <com:FaxNumber>+55 11 55324303</com:FaxNumber>
                <com:SecondaryEmailAddress>vivienne.castilho@novartis.com</com:SecondaryEmailAddress>
                <com:SecondaryPhoneNumber>+55 11 55324058/c.11 9271 9536</com:SecondaryPhoneNumber>
                <com:SecondaryFaxNumber>+55 11 55327950</com:SecondaryFaxNumber>
            </com:ContactInfo>
            <com:RoleAtCountryLevel codeListId="clinadmin.occupation" codeListVersion="2013.12.13" assigningAuthority="" codeDescription="CPO Trial Administrator">TPA</com:RoleAtCountryLevel>
            <com:StartDate>2012-02-03-05:00</com:StartDate>
            <com:EndDate>2013-03-19-04:00</com:EndDate>
        </stdcntry:Personnel>
        <stdcntry:StudyCountryEventDates>
            <stdcntry:PlannedHASubmission>2010-10-15-04:00</stdcntry:PlannedHASubmission>
            <stdcntry:PlannedHAApproval>2011-02-25-05:00</stdcntry:PlannedHAApproval>
            <stdcntry:PlannedIRBApproval>2011-02-25-05:00</stdcntry:PlannedIRBApproval>
            <stdcntry:PlannedFPFV>2011-12-12-05:00</stdcntry:PlannedFPFV>
            <stdcntry:PlannedFPFT>2011-12-26-05:00</stdcntry:PlannedFPFT>
            <stdcntry:PlannedLPFT>2014-07-28-04:00</stdcntry:PlannedLPFT>
            <stdcntry:PlannedLPLV>2016-07-25-04:00</stdcntry:PlannedLPLV>
            <stdcntry:ActualHASubmission>2010-10-15-04:00</stdcntry:ActualHASubmission>
            <stdcntry:ActualHAApproval>2011-02-25-05:00</stdcntry:ActualHAApproval>
            <stdcntry:ActualIRBApproval>2011-02-25-05:00</stdcntry:ActualIRBApproval>
            <stdcntry:ActualFPFV>2011-12-12-05:00</stdcntry:ActualFPFV>
            <stdcntry:ActualFPFT>2011-12-26-05:00</stdcntry:ActualFPFT>
            <stdcntry:PlannedCountryRISDate>2011-11-18-05:00</stdcntry:PlannedCountryRISDate>
            <stdcntry:ActualCountryRISDate>2011-11-18-05:00</stdcntry:ActualCountryRISDate>
        </stdcntry:StudyCountryEventDates>
    </stdcntry:StudyCountry>
</stdcntry:StudyCountryMessage>
