<?xml version="1.0" encoding="UTF-8" standalone="yes"?>
<stdsite:StudySiteMessage xmlns:com="http://www.novartis.com/DI/D2P/Broker/Schemas/CommonTypes" xmlns:stdsite="http://www.novartis.com/DI/D2P/Broker/Schemas/StudySite" xmlns:extract="http://www.novartis.com/DI/D2P/Broker/Schemas/Extraction" com:schemaVersion="1.0">
    <com:SystemMessageHeader>
        <com:CreationDateTime>2013-12-13T16:47:43.553Z</com:CreationDateTime>
        <com:SenderID>ClinAdmin</com:SenderID>
        <com:BusinessSystemID>ClinAdmin</com:BusinessSystemID>
        <com:MessageID>ClinAdmin</com:MessageID>
    </com:SystemMessageHeader>
    <stdsite:StudySite>
        <stdsite:StudyCodeNCC>ACZ885M_2301</stdsite:StudyCodeNCC>
        <stdsite:StudyCodeAlias>CACZ885M2301</stdsite:StudyCodeAlias>
        <stdsite:StudyIRTVendor> </stdsite:StudyIRTVendor>
        <stdsite:StudyIRTUsage>CSIRT1.02</stdsite:StudyIRTUsage>
        <stdsite:StudySiteDetails>
            <stdsite:StudyCountrySiteId>189</stdsite:StudyCountrySiteId>
            <stdsite:SiteID>201514-2</stdsite:SiteID>
            <stdsite:StudySiteID>1689</stdsite:StudySiteID>
            <stdsite:SiteName>Austin Heart P.A. CACZ885M2301</stdsite:SiteName>
            <stdsite:Country codeListId="clinadmin.country" codeListVersion="2013.12.13" assigningAuthority="" codeDescription="United States">USA</stdsite:Country>
            <stdsite:OnHoldIndicator>false</stdsite:OnHoldIndicator>
            <stdsite:SiteStatus codeListId="clinadmin.esb_simple_codes.study_site_status" codeListVersion="1.0" assigningAuthority="" codeDescription="Cancelled">CNL</stdsite:SiteStatus>
        </stdsite:StudySiteDetails>
        <stdsite:SiteShipmentAddress>
            <stdsite:SiteName>Austin Heart P.A. CACZ885M2301</stdsite:SiteName>
            <stdsite:Address>
                <com:AddressLines>
                    <com:Line>3801 North Lamar Blvd. &#xD;
3rd Fl. Suite 300</com:Line>
                </com:AddressLines>
                <com:City>Austin</com:City>
                <com:PostalCode>78756</com:PostalCode>
                <com:Country>TBD</com:Country>
            </stdsite:Address>
        </stdsite:SiteShipmentAddress>
        <stdsite:ClinicalPersonnel>
            <com:PersonnelID>278956C@CA</com:PersonnelID>
            <com:Forename>Roger</com:Forename>
            <com:Surname>Gammon</com:Surname>
            <com:Address>
                <com:AddressLines>
                    <com:Line>X</com:Line>
                </com:AddressLines>
                <com:Country>TBD</com:Country>
            </com:Address>
            <com:ContactInfo>
                <com:EmailAddress>rgammon@austinheart.com</com:EmailAddress>
            </com:ContactInfo>
            <com:RoleAtSiteLevel codeListId="clinadmin.occupation" codeListVersion="2013.12.13" assigningAuthority="" codeDescription="Sub-Investigator">SINV</com:RoleAtSiteLevel>
            <com:StartDate>2011-01-05-05:00</com:StartDate>
        </stdsite:ClinicalPersonnel>
        <stdsite:ClinicalPersonnel>
            <com:PersonnelID>DEPERMA1</com:PersonnelID>
            <com:Forename>Maxence</com:Forename>
            <com:Surname>Deperrois</com:Surname>
            <com:Address>
                <com:AddressLines>
                    <com:Line>Novartis Pharma AG
Forum 1
Novartis Campus
CH-4056 Basel</com:Line>
                </com:AddressLines>
                <com:Country>CHE</com:Country>
            </com:Address>
            <com:ContactInfo>
                <com:EmailAddress>maxence.deperrois@novartis.com</com:EmailAddress>
                <com:PhoneNumber>+41 61 3242595</com:PhoneNumber>
                <com:FaxNumber>+41 61 3245888</com:FaxNumber>
            </com:ContactInfo>
            <com:RoleAtSiteLevel codeListId="clinadmin.occupation" codeListVersion="2013.12.13" assigningAuthority="" codeDescription="CPO Trial Administrator">TPA</com:RoleAtSiteLevel>
            <com:StartDate>2012-01-01-05:00</com:StartDate>
        </stdsite:ClinicalPersonnel>
        <stdsite:ClinicalPersonnel>
            <com:PersonnelID>278955C@CA</com:PersonnelID>
            <com:Forename>Sandra</com:Forename>
            <com:Surname>Fertsch</com:Surname>
            <com:Address>
                <com:AddressLines>
                    <com:Line>X</com:Line>
                </com:AddressLines>
                <com:Country>TBD</com:Country>
            </com:Address>
            <com:ContactInfo>
                <com:EmailAddress>sfertsch@austinheart.com</com:EmailAddress>
            </com:ContactInfo>
            <com:RoleAtSiteLevel codeListId="clinadmin.occupation" codeListVersion="2013.12.13" assigningAuthority="" codeDescription="Primary Co-ordinator">PCO</com:RoleAtSiteLevel>
            <com:StartDate>2011-01-05-05:00</com:StartDate>
        </stdsite:ClinicalPersonnel>
        <stdsite:ClinicalPersonnel>
            <com:PersonnelID>HALARNA1</com:PersonnelID>
            <com:Forename>Nazlin</com:Forename>
            <com:Surname>Halari</com:Surname>
            <com:Address>
                <com:AddressLines>
                    <com:Line>Novartis Pharmaceuticals Corporation
One Health Plaza
East Hanover</com:Line>
                    <com:Line> NJ 07936-1080</com:Line>
                </com:AddressLines>
                <com:Country>USA</com:Country>
            </com:Address>
            <com:ContactInfo>
                <com:EmailAddress>nazlin.halari@novartis.com</com:EmailAddress>
                <com:PhoneNumber>+1  8627784922</com:PhoneNumber>
                <com:FaxNumber>+1  9737818265</com:FaxNumber>
            </com:ContactInfo>
            <com:RoleAtSiteLevel codeListId="clinadmin.occupation" codeListVersion="2013.12.13" assigningAuthority="" codeDescription="CPO Trial Administrator">TPA</com:RoleAtSiteLevel>
            <com:StartDate>2011-01-05-05:00</com:StartDate>
        </stdsite:ClinicalPersonnel>
        <stdsite:ClinicalPersonnel>
            <com:PersonnelID>JIMMILI1</com:PersonnelID>
            <com:Forename>Lisa</com:Forename>
            <com:Surname>Jimmink</com:Surname>
            <com:Address>
                <com:AddressLines>
                    <com:Line>Novartis Pharmaceuticals Corporation
One Health Plaza
East Hanover</com:Line>
                    <com:Line> NJ 07936-1080</com:Line>
                </com:AddressLines>
                <com:Country>USA</com:Country>
            </com:Address>
            <com:ContactInfo>
                <com:EmailAddress>lisa.jimmink@novartis.com</com:EmailAddress>
                <com:PhoneNumber>+1  8627787965</com:PhoneNumber>
                <com:FaxNumber>+1  9737816415</com:FaxNumber>
                <com:SecondaryPhoneNumber>+ 1862 7787965</com:SecondaryPhoneNumber>
            </com:ContactInfo>
            <com:RoleAtSiteLevel codeListId="clinadmin.occupation" codeListVersion="2013.12.13" assigningAuthority="" codeDescription="CPO Trial Administrator">TPA</com:RoleAtSiteLevel>
            <com:StartDate>2011-01-05-05:00</com:StartDate>
        </stdsite:ClinicalPersonnel>
        <stdsite:ClinicalPersonnel>
            <com:PersonnelID>278951C@CA</com:PersonnelID>
            <com:Forename>Robert</com:Forename>
            <com:Surname>Pederson</com:Surname>
            <com:Address>
                <com:AddressLines>
                    <com:Line>X</com:Line>
                </com:AddressLines>
                <com:Country>TBD</com:Country>
            </com:Address>
            <com:ContactInfo>
                <com:EmailAddress>rpederson@austinheart.com</com:EmailAddress>
            </com:ContactInfo>
            <com:RoleAtSiteLevel codeListId="clinadmin.occupation" codeListVersion="2013.12.13" assigningAuthority="" codeDescription="Primary Investigator">PINV</com:RoleAtSiteLevel>
            <com:StartDate>2011-01-05-05:00</com:StartDate>
        </stdsite:ClinicalPersonnel>
        <stdsite:ClinicalPersonnel>
            <com:PersonnelID>HAMILRO2</com:PersonnelID>
            <com:Forename>Rosa</com:Forename>
            <com:Surname>Hamilton</com:Surname>
            <com:Address>
                <com:AddressLines>
                    <com:Line>Novartis Pharmaceuticals Corporation
One Health Plaza
East Hanover</com:Line>
                    <com:Line> NJ 07936-1080</com:Line>
                </com:AddressLines>
                <com:Country>USA</com:Country>
            </com:Address>
            <com:ContactInfo>
                <com:EmailAddress>rosa.hamilton@novartis.com</com:EmailAddress>
                <com:PhoneNumber>+1  8627786989</com:PhoneNumber>
                <com:FaxNumber>+1  9737818265</com:FaxNumber>
                <com:SecondaryPhoneNumber>+1 862 7786989</com:SecondaryPhoneNumber>
            </com:ContactInfo>
            <com:RoleAtSiteLevel codeListId="clinadmin.occupation" codeListVersion="2013.12.13" assigningAuthority="" codeDescription="CPO Trial Administrator">TPA</com:RoleAtSiteLevel>
            <com:StartDate>2011-01-04-05:00</com:StartDate>
        </stdsite:ClinicalPersonnel>
        <stdsite:ClinicalPersonnel>
            <com:PersonnelID>MALERKI1</com:PersonnelID>
            <com:Forename>Kimberly</com:Forename>
            <com:Surname>Malerba</com:Surname>
            <com:Address>
                <com:AddressLines>
                    <com:Line>Novartis Pharmaceuticals Corporation
One Health Plaza
East Hanover</com:Line>
                    <com:Line> NJ 07936-1080</com:Line>
                </com:AddressLines>
                <com:Country>USA</com:Country>
            </com:Address>
            <com:ContactInfo>
                <com:EmailAddress>kimberly.malerba@novartis.com</com:EmailAddress>
                <com:PhoneNumber>+1  8627785883</com:PhoneNumber>
                <com:FaxNumber>+1  9737812287</com:FaxNumber>
            </com:ContactInfo>
            <com:RoleAtSiteLevel codeListId="clinadmin.occupation" codeListVersion="2013.12.13" assigningAuthority="" codeDescription="CPO Trial Administrator">TPA</com:RoleAtSiteLevel>
            <com:StartDate>2011-01-05-05:00</com:StartDate>
        </stdsite:ClinicalPersonnel>
        <stdsite:ClinicalPersonnel>
            <com:PersonnelID>NICHOJO3</com:PersonnelID>
            <com:Forename>Joshua</com:Forename>
            <com:Surname>Nichols</com:Surname>
            <com:Address>
                <com:AddressLines>
                    <com:Line>Novartis Pharmaceuticals Corporation
One Health Plaza
East Hanover</com:Line>
                    <com:Line> NJ 07936-1080</com:Line>
                </com:AddressLines>
                <com:Country>USA</com:Country>
            </com:Address>
            <com:ContactInfo>
                <com:EmailAddress>joshua.nichols@novartis.com</com:EmailAddress>
                <com:PhoneNumber>+1  8627787261</com:PhoneNumber>
                <com:FaxNumber>+1  9737818265</com:FaxNumber>
            </com:ContactInfo>
            <com:RoleAtSiteLevel codeListId="clinadmin.occupation" codeListVersion="2013.12.13" assigningAuthority="" codeDescription="CPO Trial Administrator">TPA</com:RoleAtSiteLevel>
            <com:StartDate>2011-01-05-05:00</com:StartDate>
        </stdsite:ClinicalPersonnel>
        <stdsite:ClinicalPersonnel>
            <com:PersonnelID>HARDECA1</com:PersonnelID>
            <com:Forename>Carrie</com:Forename>
            <com:Surname>Harden</com:Surname>
            <com:Address>
                <com:AddressLines/>
                <com:Country>TBD</com:Country>
            </com:Address>
            <com:ContactInfo>
                <com:PhoneNumber>+1 512 252 0227/c.512 626 3178</com:PhoneNumber>
                <com:FaxNumber>+1 512 252 0228</com:FaxNumber>
            </com:ContactInfo>
            <com:RoleAtSiteLevel codeListId="clinadmin.occupation" codeListVersion="2013.12.13" assigningAuthority="" codeDescription="Primary Monitor">PMN</com:RoleAtSiteLevel>
            <com:StartDate>2011-01-05-05:00</com:StartDate>
        </stdsite:ClinicalPersonnel>
        <stdsite:ClinicalPersonnel>
            <com:PersonnelID>KHANABF</com:PersonnelID>
            <com:Forename>Abdul Salmaan</com:Forename>
            <com:Surname>Khan</com:Surname>
            <com:Address>
                <com:AddressLines>
                    <com:Line>Novartis Healthcare Pvt. Ltd.
Building # 6
Raheja Mind Space</com:Line>
                    <com:Line> Hitech City
Madhapur / Hyderabad</com:Line>
                    <com:Line> Rangareddy 500 08</com:Line>
                </com:AddressLines>
                <com:Country>IND</com:Country>
            </com:Address>
            <com:ContactInfo>
                <com:EmailAddress>abdul_salmaan.khan@novartis.com</com:EmailAddress>
                <com:PhoneNumber>+91 40 67671000</com:PhoneNumber>
                <com:FaxNumber>+91 40 67686951</com:FaxNumber>
            </com:ContactInfo>
            <com:RoleAtSiteLevel codeListId="clinadmin.occupation" codeListVersion="2013.12.13" assigningAuthority="" codeDescription="Central Field Monitor">CFM</com:RoleAtSiteLevel>
            <com:StartDate>2013-10-23-04:00</com:StartDate>
        </stdsite:ClinicalPersonnel>
        <stdsite:PrimaryCenter>
            <com:CenterName>Austin Heart P.A.</com:CenterName>
            <com:Address>
                <com:AddressLines>
                    <com:Line>3801 North Lamar &#xD;
3rd Fl.</com:Line>
                </com:AddressLines>
                <com:City>Austin</com:City>
                <com:PostalCode>78705</com:PostalCode>
                <com:Country>TBD</com:Country>
            </com:Address>
            <com:ContactInfo>
                <com:PhoneNumber>+1 512 478 1666</com:PhoneNumber>
                <com:FaxNumber>+1 512 545 2581</com:FaxNumber>
            </com:ContactInfo>
        </stdsite:PrimaryCenter>
        <stdsite:StudySiteEventDates>
            <stdsite:PlannedFPFV>2011-03-04-05:00</stdsite:PlannedFPFV>
            <stdsite:PlannedFPFT>2011-04-01-04:00</stdsite:PlannedFPFT>
            <stdsite:PlannedLPFT>2012-09-28-04:00</stdsite:PlannedLPFT>
            <stdsite:PlannedLPLT>2015-09-25-04:00</stdsite:PlannedLPLT>
            <stdsite:PlannedLPLV>2015-12-18-05:00</stdsite:PlannedLPLV>
        </stdsite:StudySiteEventDates>
        <stdsite:StudySiteLocation>
            <stdsite:LocationAddress>
                <com:AddressLines>
                    <com:Line>3801 North Lamar Blvd. &#xD;
3rd Fl. Suite 300</com:Line>
                </com:AddressLines>
                <com:City>Austin</com:City>
                <com:PostalCode>78756</com:PostalCode>
                <com:Country>USA</com:Country>
            </stdsite:LocationAddress>
            <stdsite:LocationContactInfo>
                <com:PhoneNumber>+1 512 206 3684</com:PhoneNumber>
                <com:FaxNumber>+1 512 206 3604</com:FaxNumber>
            </stdsite:LocationContactInfo>
            <stdsite:CenterType codeListId="" codeListVersion="" assigningAuthority="" codeDescription=""></stdsite:CenterType>
            <stdsite:Purpose codeListId="clinadmin.location_purpose" codeListVersion="2013.12.13" codeDescription="Patient Treatment">PAT</stdsite:Purpose>
            <stdsite:Comments></stdsite:Comments>
            <stdsite:StatusDescription>Active</stdsite:StatusDescription>
        </stdsite:StudySiteLocation>
    </stdsite:StudySite>
</stdsite:StudySiteMessage>
